{
    "wristFlexionData": [
        -26.729555130004883,
        -28.440715789794922,
        -30.135684967041016,
        -38.92081832885742,
        -57.17311477661133,
        -62.129600524902344,
        52.49085998535156,
        44.458839416503906,
        -8.255324363708496,
        -41.53691482543945,
        -41.88935089111328,
        -51.68581008911133,
        -58.22020721435547,
        50.62056350708008,
        49.564369201660156,
        1.9480047225952148,
        -37.85838317871094,
        -47.656497955322266,
        -45.65077209472656,
        -39.291725158691406
    ],
    "wristExtensionData": [
        26.729555130004883,
        28.440715789794922,
        30.135684967041016,
        38.92081832885742,
        57.17311477661133,
        62.129600524902344,
        -52.49085998535156,
        -44.458839416503906,
        8.255324363708496,
        41.53691482543945,
        41.88935089111328,
        51.68581008911133,
        58.22020721435547,
        -50.62056350708008,
        -49.564369201660156,
        -1.9480047225952148,
        37.85838317871094,
        47.656497955322266,
        45.65077209472656,
        39.291725158691406
    ],
    "forearmPronationData": [
        0.0,
        0.0,
        0.0,
        0.0,
        0.0,
        0.0,
        0.0,
        0.0,
        0.0,
        0.0,
        0.0,
        0.0,
        0.0,
        0.0,
        0.0,
        0.0,
        0.0,
        0.0,
        0.0,
        0.0
    ],
    "forearmSupinationData": [
        0.0,
        0.0,
        0.0,
        0.0,
        0.0,
        0.0,
        0.0,
        0.0,
        0.0,
        0.0,
        0.0,
        0.0,
        0.0,
        0.0,
        0.0,
        0.0,
        0.0,
        0.0,
        0.0,
        0.0
    ],
    "forearmPronationSupinationQuatData": [],
    "elbowFlexionData": [
        38.464447021484375,
        38.177032470703125,
        36.5330810546875,
        40.482025146484375,
        38.82032775878906,
        36.8199462890625,
        32.611358642578125,
        46.3514404296875,
        44.92027282714844,
        48.163238525390625,
        45.21356201171875,
        38.09648132324219,
        35.47163391113281,
        29.513015747070312,
        41.53857421875,
        46.6903076171875,
        47.17955017089844,
        43.50151062011719,
        43.0372314453125,
        42.55229187011719
    ],
    "shoulderAbductionFlexionData": [
        19.341896057128906,
        21.327449798583984,
        22.47313117980957,
        22.00460433959961,
        22.90541648864746,
        25.278202056884766,
        22.568439483642578,
        23.321102142333984,
        24.884828567504883,
        25.429542541503906,
        23.94973373413086,
        23.122217178344727,
        28.588703155517578,
        24.621307373046875,
        22.65711212158203,
        23.90752410888672,
        24.24195098876953,
        24.303524017333984,
        23.53904914855957,
        24.478973388671875
    ],
    "shoulderAbductionData": [
        0.0,
        0.0,
        0.0,
        0.0,
        0.0,
        0.0,
        0.0,
        0.0,
        0.0,
        0.0,
        0.0,
        0.0,
        0.0,
        0.0,
        0.0,
        0.0,
        0.0,
        0.0,
        0.0,
        0.0,
        0.0,
        0.0,
        0.0,
        0.0,
        0.0,
        0.0,
        0.0,
        0.0,
        0.0,
        0.0,
        0.0,
        0.0,
        0.0,
        0.0,
        0.0,
        0.0,
        0.0,
        0.0,
        0.0,
        0.0,
        0.0,
        0.0,
        0.0,
        0.0,
        0.0,
        0.0,
        0.0,
        0.0,
        0.0,
        0.0,
        0.0,
        0.0,
        0.0,
        0.0,
        0.0,
        0.0,
        0.0,
        0.0,
        0.0,
        0.0,
        0.0,
        0.0,
        0.0,
        0.0,
        0.0,
        0.0,
        0.0,
        0.0,
        0.0,
        0.0,
        0.0,
        0.0,
        0.0,
        0.0,
        0.0,
        0.0,
        0.0,
        0.0,
        0.0,
        0.0,
        0.0,
        0.0,
        0.0,
        0.0,
        0.0,
        0.0,
        0.0,
        0.0,
        0.0,
        0.0,
        0.0,
        0.0,
        0.0,
        0.0,
        0.0,
        9.667140007019043,
        20.67535400390625,
        21.91065788269043,
        21.02915382385254,
        20.656906127929688,
        19.05632781982422,
        19.268272399902344,
        19.983505249023438,
        20.29940414428711,
        22.270793914794922,
        22.32376480102539,
        22.613710403442383,
        22.534122467041016,
        23.36665153503418,
        22.995147705078125,
        22.92892837524414,
        23.283628463745117,
        22.60749626159668,
        21.24277114868164,
        21.936141967773438,
        22.79741096496582,
        25.213214874267578,
        25.03736114501953,
        25.31577491760254,
        25.092540740966797,
        23.616647720336914,
        24.608169555664062,
        24.87801742553711,
        26.931636810302734,
        23.544742584228516,
        23.874849319458008,
        24.964000701904297,
        25.309537887573242,
        0.0,
        0.0,
        0.0,
        0.0,
        0.0,
        0.0,
        0.0,
        0.0,
        0.0,
        0.0,
        0.0,
        0.0,
        0.0,
        0.0,
        0.0,
        0.0,
        0.0,
        0.0,
        0.0,
        0.0,
        0.0,
        0.0,
        0.0,
        0.0,
        0.0,
        0.0,
        0.0,
        0.0,
        0.0,
        0.0,
        0.0,
        0.0,
        0.0,
        0.0,
        0.0,
        0.0,
        0.0,
        0.0,
        0.0,
        0.0,
        0.0,
        0.0,
        0.0,
        0.0,
        0.0,
        0.0,
        0.0,
        0.0,
        0.0,
        0.0,
        0.0,
        0.0,
        0.0,
        0.0,
        0.0,
        13.44352912902832,
        24.884828567504883,
        25.429542541503906,
        15.44395923614502,
        0.0,
        20.00017547607422,
        0.0,
        0.0,
        18.03695297241211,
        24.24195098876953,
        13.991344451904297,
        10.553227424621582,
        24.478973388671875
    ],
    "shoulderInternalRotationData": [
        10.392057418823242,
        12.309989929199219,
        13.317878723144531,
        15.616861343383789,
        16.54991912841797,
        14.44329833984375,
        9.268534660339355,
        15.588348388671875,
        18.401357650756836,
        19.844776153564453,
        17.947980880737305,
        14.594152450561523,
        13.156591415405273,
        10.054922103881836,
        14.17578125,
        20.646038055419922,
        22.46023178100586,
        22.12419319152832,
        20.796316146850586,
        20.38863182067871
    ],
    "shoulderExternalRotationData": [
        -10.392057418823242,
        -12.309989929199219,
        -13.317878723144531,
        -15.616861343383789,
        -16.54991912841797,
        -14.44329833984375,
        -9.268534660339355,
        -15.588348388671875,
        -18.401357650756836,
        -19.844776153564453,
        -17.947980880737305,
        -14.594152450561523,
        -13.156591415405273,
        -10.054922103881836,
        -14.17578125,
        -20.646038055419922,
        -22.46023178100586,
        -22.12419319152832,
        -20.796316146850586,
        -20.38863182067871
    ],