{
    "wristFlexionData": [
        -18.03130340576172,
        -18.105472564697266,
        -18.557695388793945,
        -29.337482452392578,
        -44.97328186035156,
        -47.31547927856445,
        60.041751861572266,
        58.41505432128906,
        21.169618606567383,
        -14.984396934509277,
        -37.71708297729492,
        -48.5328369140625,
        -54.4609375,
        29.985204696655273,
        62.141109466552734,
        48.107913970947266,
        0.8076810836791992,
        -39.8566780090332,
        -45.15534210205078,
        -41.2352294921875
    ],
    "wristExtensionData": [
        18.03130340576172,
        18.105472564697266,
        18.557695388793945,
        29.337482452392578,
        44.97328186035156,
        47.31547927856445,
        -60.041751861572266,
        -58.41505432128906,
        -21.169618606567383,
        14.984396934509277,
        37.71708297729492,
        48.5328369140625,
        54.4609375,
        -29.985204696655273,
        -62.141109466552734,
        -48.107913970947266,
        -0.8076810836791992,
        39.8566780090332,
        45.15534210205078,
        41.2352294921875
    ],
    "forearmPronationData": [
        0.0,
        0.0,
        0.0,
        0.0,
        0.0,
        0.0,
        0.0,
        0.0,
        0.0,
        0.0,
        0.0,
        0.0,
        0.0,
        0.0,
        0.0,
        0.0,
        0.0,
        0.0,
        0.0,
        0.0
    ],
    "forearmSupinationData": [
        0.0,
        0.0,
        0.0,
        0.0,
        0.0,
        0.0,
        0.0,
        0.0,
        0.0,
        0.0,
        0.0,
        0.0,
        0.0,
        0.0,
        0.0,
        0.0,
        0.0,
        0.0,
        0.0,
        0.0
    ],
    "forearmPronationSupinationQuatData": [],
    "elbowFlexionData": [
        24.350128173828125,
        24.72503662109375,
        25.540206909179688,
        26.896316528320312,
        24.707183837890625,
        23.744461059570312,
        25.093002319335938,
        29.244705200195312,
        26.480789184570312,
        29.345840454101562,
        33.405914306640625,
        27.319869995117188,
        25.935684204101562,
        26.847091674804688,
        26.842453002929688,
        35.74365234375,
        32.77708435058594,
        33.062042236328125,
        26.345870971679688,
        29.068405151367188
    ],
    "shoulderAbductionFlexionData": [
        20.22338104248047,
        20.008548736572266,
        19.82172393798828,
        19.228981018066406,
        20.259105682373047,
        24.242393493652344,
        25.024927139282227,
        24.315574645996094,
        24.325458526611328,
        21.15420913696289,
        19.69792938232422,
        20.863075256347656,
        21.529052734375,
        24.679588317871094,
        24.995586395263672,
        24.880708694458008,
        23.58498764038086,
        23.11583709716797,
        22.613922119140625,
        19.670085906982422
    ],
    "shoulderAbductionData": [
        0.0,
        0.0,
        0.0,
        0.0,
        0.0,
        0.0,
        0.0,
        0.0,
        0.0,
        0.0,
        0.0,
        0.0,
        0.0,
        0.0,
        0.0,
        0.0,
        0.0,
        0.0,
        0.0,
        0.0,
        0.0,
        0.0,
        0.0,
        0.0,
        0.0,
        0.0,
        0.0,
        0.0,
        0.0,
        0.0,
        0.0,
        0.0,
        0.0,
        0.0,
        0.0,
        0.0,
        0.0,
        0.0,
        0.0,
        0.0,
        0.0,
        0.0,
        0.0,
        0.0,
        0.0,
        0.0,
        0.0,
        0.0,
        0.0,
        0.0,
        0.0,
        0.0,
        0.0,
        0.0,
        0.0,
        0.0,
        0.0,
        0.0,
        0.0,
        0.0,
        0.0,
        0.0,
        0.0,
        0.0,
        0.0,
        0.0,
        0.0,
        0.0,
        0.0,
        0.0,
        0.0,
        0.0,
        0.0,
        0.0,
        0.0,
        0.0,
        0.0,
        0.0,
        0.0,
        0.0,
        0.0,
        0.0,
        0.0,
        0.0,
        0.0,
        0.0,
        0.0,
        0.0,
        0.0,
        0.0,
        0.0,
        0.0,
        0.0,
        0.0,
        0.0,
        9.667140007019043,
        20.67535400390625,
        21.91065788269043,
        21.02915382385254,
        20.656906127929688,
        19.05632781982422,
        19.268272399902344,
        19.983505249023438,
        20.29940414428711,
        22.270793914794922,
        22.32376480102539,
        22.613710403442383,
        22.534122467041016,
        23.36665153503418,
        22.995147705078125,
        22.92892837524414,
        23.283628463745117,
        22.60749626159668,
        21.24277114868164,
        21.936141967773438,
        22.79741096496582,
        25.213214874267578,
        25.03736114501953,
        25.31577491760254,
        25.092540740966797,
        23.616647720336914,
        24.608169555664062,
        24.87801742553711,
        26.931636810302734,
        23.544742584228516,
        23.874849319458008,
        24.964000701904297,
        25.309537887573242,
        0.0,
        0.0,
        0.0,
        0.0,
        0.0,
        0.0,
        0.0,
        0.0,
        0.0,
        0.0,
        0.0,
        0.0,
        0.0,
        0.0,
        0.0,
        0.0,
        0.0,
        0.0,
        0.0,
        0.0,
        0.0,
        0.0,
        0.0,
        0.0,
        0.0,
        0.0,
        0.0,
        0.0,
        0.0,
        0.0,
        0.0,
        0.0,
        0.0,
        0.0,
        0.0,
        0.0,
        0.0,
        0.0,
        0.0,
        0.0,
        0.0,
        0.0,
        0.0,
        0.0,
        0.0,
        0.0,
        0.0,
        0.0
    ],
    "shoulderInternalRotationData": [
        3.6013846397399902,
        3.8709144592285156,
        4.5964837074279785,
        4.6343817710876465,
        6.180394172668457,
        7.090835094451904,
        5.47340202331543,
        7.810431003570557,
        8.562402725219727,
        7.64432430267334,
        8.08517837524414,
        7.295409679412842,
        8.663553237915039,
        5.80415678024292,
        5.029168605804443,
        9.063722610473633,
        11.48914909362793,
        12.635894775390625,
        9.56968879699707,
        8.808670043945312
    ],
    "shoulderExternalRotationData": [
        -3.6013846397399902,
        -3.8709144592285156,
        -4.5964837074279785,
        -4.6343817710876465,
        -6.180394172668457,
        -7.090835094451904,
        -5.47340202331543,
        -7.810431003570557,
        -8.562402725219727,
        -7.64432430267334,
        -8.08517837524414,
        -7.295409679412842,
        -8.663553237915039,
        -5.80415678024292,
        -5.029168605804443,
        -9.063722610473633,
        -11.48914909362793,
        -12.635894775390625,
        -9.56968879699707,
        -8.808670043945312
    ],