{
    "wristFlexionData": [
        -32.353614807128906,
        -35.16459655761719,
        -35.64948272705078,
        -35.25058364868164,
        -33.31426239013672,
        -40.786460876464844,
        -56.130088806152344,
        -65.0678482055664,
        -60.22552490234375,
        -30.975296020507812,
        40.415130615234375,
        -15.535636901855469,
        -40.745723724365234,
        -47.37950134277344,
        -56.24839782714844,
        -62.40329360961914,
        -62.401248931884766,
        20.650592803955078,
        17.68379020690918,
        -31.04348373413086,
        -47.57634735107422,
        -47.97123336791992,
        -43.906578063964844,
        -44.41413116455078,
        -43.667076110839844,
        -42.425514221191406,
        -41.61343002319336,
        -41.50938034057617
    ],
    "wristExtensionData": [
        32.353614807128906,
        35.16459655761719,
        35.64948272705078,
        35.25058364868164,
        33.31426239013672,
        40.786460876464844,
        56.130088806152344,
        65.0678482055664,
        60.22552490234375,
        30.975296020507812,
        -40.415130615234375,
        15.535636901855469,
        40.745723724365234,
        47.37950134277344,
        56.24839782714844,
        62.40329360961914,
        62.401248931884766,
        -20.650592803955078,
        -17.68379020690918,
        31.04348373413086,
        47.57634735107422,
        47.97123336791992,
        43.906578063964844,
        44.41413116455078,
        43.667076110839844,
        42.425514221191406,
        41.61343002319336,
        41.50938034057617
    ],
    "forearmPronationData": [
        0.0,
        0.0,
        0.0,
        0.0,
        0.0,
        0.0,
        0.0,
        0.0,
        0.0,
        0.0,
        0.0,
        0.0,
        0.0,
        0.0,
        0.0,
        0.0,
        0.0,
        0.0,
        0.0,
        0.0,
        0.0,
        0.0,
        0.0,
        0.0,
        0.0,
        0.0,
        0.0,
        0.0
    ],
    "forearmSupinationData": [
        0.0,
        0.0,
        0.0,
        0.0,
        0.0,
        0.0,
        0.0,
        0.0,
        0.0,
        0.0,
        0.0,
        0.0,
        0.0,
        0.0,
        0.0,
        0.0,
        0.0,
        0.0,
        0.0,
        0.0,
        0.0,
        0.0,
        0.0,
        0.0,
        0.0,
        0.0,
        0.0,
        0.0
    ],
    "forearmPronationSupinationQuatData": [],
    "elbowFlexionData": [
        8.234970092773438,
        7.2521209716796875,
        6.554718017578125,
        6.9402923583984375,
        7.4275054931640625,
        11.566940307617188,
        13.539642333984375,
        12.71661376953125,
        9.373550415039062,
        11.59765625,
        16.696640014648438,
        16.099853515625,
        19.906600952148438,
        17.362503051757812,
        16.051803588867188,
        10.422210693359375,
        10.7264404296875,
        16.131546020507812,
        20.75897216796875,
        21.511276245117188,
        18.62164306640625,
        18.422683715820312,
        17.250823974609375,
        16.512954711914062,
        15.56573486328125,
        15.408172607421875,
        15.334823608398438,
        14.137466430664062
    ],
    "shoulderAbductionFlexionData": [
        21.50934600830078,
        22.263580322265625,
        22.05754280090332,
        21.539255142211914,
        21.828144073486328,
        20.851242065429688,
        21.198741912841797,
        21.56652069091797,
        25.565082550048828,
        24.674392700195312,
        20.04376983642578,
        18.120214462280273,
        16.786373138427734,
        19.02231216430664,
        20.752384185791016,
        25.046823501586914,
        26.765968322753906,
        22.989749908447266,
        20.340675354003906,
        19.85723304748535,
        20.556915283203125,
        22.66707420349121,
        22.84654998779297,
        22.13425064086914,
        21.728229522705078,
        21.429805755615234,
        21.288101196289062,
        21.61392593383789
    ],
    "shoulderAbductionData": [
        0.0,
        0.0,
        0.0,
        0.0,
        0.0,
        0.0,
        0.0,
        0.0,
        0.0,
        0.0,
        0.0,
        0.0,
        0.0,
        0.0,
        0.0,
        0.0,
        0.0,
        0.0,
        0.0,
        0.0,
        0.0,
        0.0,
        0.0,
        0.0,
        0.0,
        0.0,
        0.0,
        0.0,
        0.0,
        0.0,
        0.0,
        0.0,
        0.0,
        0.0,
        0.0,
        0.0,
        0.0,
        0.0,
        0.0,
        0.0,
        0.0,
        0.0,
        0.0,
        0.0,
        0.0,
        0.0,
        0.0,
        0.0,
        0.0,
        0.0,
        0.0,
        0.0,
        0.0,
        0.0,
        0.0,
        0.0,
        0.0,
        0.0,
        0.0,
        0.0,
        0.0,
        0.0,
        0.0,
        0.0,
        0.0,
        0.0,
        0.0,
        0.0,
        0.0,
        0.0,
        0.0,
        0.0,
        0.0,
        0.0,
        0.0,
        0.0,
        0.0,
        0.0,
        0.0,
        0.0,
        0.0,
        0.0,
        0.0,
        0.0,
        0.0,
        0.0,
        0.0,
        0.0,
        0.0,
        0.0,
        0.0,
        0.0,
        0.0,
        0.0,
        0.0,
        9.667140007019043,
        20.67535400390625,
        21.91065788269043,
        21.02915382385254,
        20.656906127929688,
        19.05632781982422,
        19.268272399902344,
        19.983505249023438,
        20.29940414428711,
        22.270793914794922,
        22.32376480102539,
        22.613710403442383,
        22.534122467041016,
        23.36665153503418,
        22.995147705078125,
        22.92892837524414,
        23.283628463745117,
        22.60749626159668,
        21.24277114868164,
        21.936141967773438,
        22.79741096496582,
        25.213214874267578,
        25.03736114501953,
        25.31577491760254,
        25.092540740966797,
        23.616647720336914,
        24.608169555664062,
        24.87801742553711,
        26.931636810302734,
        23.544742584228516,
        23.874849319458008,
        24.964000701904297,
        25.309537887573242,
        0.0,
        0.0,
        0.0,
        0.0,
        0.0,
        0.0,
        0.0,
        0.0,
        0.0,
        0.0,
        0.0,
        0.0,
        0.0,
        0.0,
        0.0,
        0.0,
        0.0,
        0.0,
        0.0,
        0.0,
        0.0,
        0.0,
        0.0,
        0.0,
        0.0,
        0.0,
        0.0,
        0.0
    ],
    "shoulderInternalRotationData": [
        -5.241105079650879,
        -5.184926986694336,
        -4.203037261962891,
        -2.7644166946411133,
        -2.3200058937072754,
        -0.9449501037597656,
        -1.3444724082946777,
        -6.328077793121338,
        -4.493157863616943,
        -2.2937850952148438,
        -0.1439218521118164,
        0.1889662742614746,
        -1.0569190979003906,
        -1.1447434425354004,
        0.5321345329284668,
        -0.9206042289733887,
        -3.2155723571777344,
        -1.2560744285583496,
        4.95615291595459,
        4.37640905380249,
        0.3931140899658203,
        3.1704134941101074,
        3.423295497894287,
        0.9948220252990723,
        0.5615234375,
        -0.23369073867797852,
        -0.9041299819946289,
        -1.1983232498168945
    ],