{
    "wristFlexionData": [
        -36.5586051940918,
        -34.949790954589844,
        -34.639671325683594,
        -35.76389694213867,
        -36.187828063964844,
        -37.53005599975586,
        -33.12629699707031,
        -42.55049133300781,
        -53.877532958984375,
        -47.626617431640625,
        -42.69434356689453,
        -45.14068603515625,
        -42.14210510253906,
        -39.462196350097656,
        -37.81577682495117
    ],
    "wristExtensionData": [
        36.5586051940918,
        34.949790954589844,
        34.639671325683594,
        35.76389694213867,
        36.187828063964844,
        37.53005599975586,
        33.12629699707031,
        42.55049133300781,
        53.877532958984375,
        47.626617431640625,
        42.69434356689453,
        45.14068603515625,
        42.14210510253906,
        39.462196350097656,
        37.81577682495117
    ],
    "forearmPronationData": [
        0.0,
        0.0,
        0.0,
        0.0,
        0.0,
        0.0,
        0.0,
        0.0,
        0.0,
        0.0,
        0.0,
        0.0,
        0.0,
        0.0,
        0.0
    ],
    "forearmSupinationData": [
        0.0,
        0.0,
        0.0,
        0.0,
        0.0,
        0.0,
        0.0,
        0.0,
        0.0,
        0.0,
        0.0,
        0.0,
        0.0,
        0.0,
        0.0
    ],
    "forearmPronationSupinationQuatData": [],
    "elbowFlexionData": [
        27.36444664001465,
        27.628490447998047,
        27.127620697021484,
        26.896446228027344,
        25.015552520751953,
        24.96143913269043,
        11.276703834533691,
        19.494874954223633,
        33.20883560180664,
        26.259462356567383,
        19.247716903686523,
        20.40135955810547,
        21.41876220703125,
        21.736495971679688,
        22.411060333251953
    ],
    "shoulderAbductionFlexionData": [
        9.303332328796387,
        9.444838523864746,
        8.858027458190918,
        8.339733123779297,
        7.548323631286621,
        11.759027481079102,
        24.842025756835938,
        38.57770538330078,
        49.97690200805664,
        68.17906188964844,
        85.168701171875,
        94.20587158203125,
        100.83063507080078,
        104.89742279052734,
        106.19720458984375
    ],
    "shoulderAbductionData": [
        0.0,
        0.0,
        0.0,
        0.0,
        0.0,
        0.0,
        0.0,
        0.0,
        0.0,
        15.253278732299805,
        33.91798400878906,
        38.8568000793457,
        44.43629455566406,
        56.39990234375,
        63.92422866821289,
        70.25923919677734,
        75.33285522460938,
        80.19223022460938,
        82.83364868164062,
        0.0,
        0.0,
        0.0,
        0.0,
        0.0,
        2.175225257873535,
        24.842025756835938,
        38.57770538330078,
        49.97690200805664,
        68.17906188964844,
        85.168701171875,
        94.20587158203125,
        100.83063507080078,
        104.89742279052734,
        106.19720458984375
    ],
    "shoulderInternalRotationData": [
        -8.042377471923828,
        -7.189148902893066,
        -6.9076433181762695,
        -6.5785675048828125,
        -7.352817535400391,
        -12.245094299316406,
        -24.93703842163086,
        -41.12623977661133,
        -47.892852783203125,
        -50.90514373779297,
        -47.327178955078125,
        -42.9713134765625,
        -36.5753059387207,
        -32.00907516479492,
        -30.55344009399414
    ],
    "shoulderExternalRotationData": [
        8.042377471923828,
        7.189148902893066,
        6.9076433181762695,
        6.5785675048828125,
        7.352817535400391,
        12.245094299316406,
        24.93703842163086,
        41.12623977661133,
        47.892852783203125,
        50.90514373779297,
        47.327178955078125,
        42.9713134765625,
        36.5753059387207,
        32.00907516479492,
        30.55344009399414
    ],
    "shoulderFlexionData": [
        21.201753616333008,
        21.56561851501465,
        21.721290588378906,
        21.646854400634766,
        21.900108337402344,
        21.647571563720703,
        21.02692413330078,
        21.229114532470703,
        21.63050079345703,
        25.146427154541016,
        33.91798400878906,
        38.8568000793457,
        44.43629455566406,
        56.39990234375,
        63.92422866821289,
        43.200313568115234,
        0.0,
        0.0,
        0.0,
        9.303332328796387,
        9.444838523864746,
        8.858027458190918,
        8.339733123779297,
        7.548323631286621,
        11.759027481079102,
        24.842025756835938,
        38.57770538330078,
        49.97690200805664,
        68.17906188964844,
        85.168701171875,
        94.20587158203125,
        100.83063507080078,
        104.89742279052734,
        106.19720458984375
    ],
    "shoulderHorizontalAbductionData": [
        5.442902088165283,
        5.117663860321045,
        4.454753875732422,
        4.171853065490723,
        4.466254234313965,
        10.095568656921387,
        22.386932373046875,
        27.84043312072754,
        35.1654052734375,
        45.781776428222656,
        51.95463943481445,
        50.74451446533203,
        48.01660919189453,
        45.900634765625,
        45.923377990722656
    ],
    "shoulderHorizontalAdductionData": [
        -5.442902088165283,
        -5.117663860321045,
        -4.454753875732422,
        -4.171853065490723,
        -4.466254234313965,
        -10.095568656921387,
        -22.386932373046875,
        -27.84043312072754,
        -35.1654052734375,
        -45.781776428222656,
        -51.95463943481445,
        -50.74451446533203,
        -48.01660919189453,
        -45.900634765625,
        -45.923377990722656
    ],
    "trunkTiltData": [
        0.07457315921783447,
        0.07498732209205627,
        0.07554595172405243,
        0.07691245526075363,
        0.07702837884426117,
        0.07566378265619278,
        0.08381850272417068,
        0.09790539741516113,
        0.0983586236834526,
        0.09520381689071655,
        0.09781894832849503,
        0.11002563685178757,
        0.12331273406744003,
        0.13494440913200378,
        0.1379958987236023
    ],
    "thumbDistalLocationData": [],
    "thumbProximalLocationData": [],
    "thumbMetacarpalLocationData": [],
    "indexDistalLocationData": [],
    "indexProximalLocationData": [],
    "indexMetacarpalLocationData": [],
    "middleDistalLocationData": [],
    "middleProximalLocationData": [],
    "middleMetacarpalLocationData": [],
    "ringDistalLocationData": [],
    "ringProximalLocationData": [],
    "ringMetacarpalLocationData": [],
    "littleDistalLocationData": [],
    "littleProximalLocationData": [],
    "littleMetacarpalLocationData": [],
    "headLocationData": [],
    "wristLocationData": [],
    "armLowerLocationData": [],
    "armUpperLocationData": []
}