{
    "wristFlexionData": [
        28.032447814941406,
        28.19463348388672,
        27.881393432617188,
        27.035633087158203,
        28.242036819458008,
        31.432518005371094,
        31.497079849243164,
        25.73318862915039,
        -33.664215087890625,
        -65.34622192382812,
        -66.10022735595703,
        -46.79621124267578,
        21.774005889892578,
        61.29104232788086,
        61.32799530029297,
        49.21381378173828,
        -43.02584457397461,
        -63.97881317138672,
        -61.22163009643555,
        -22.312225341796875,
        57.0152702331543,
        65.18324279785156,
        54.34503173828125,
        5.206989288330078,
        -16.52788543701172
    ],
    "wristExtensionData": [
        -28.032447814941406,
        -28.19463348388672,
        -27.881393432617188,
        -27.035633087158203,
        -28.242036819458008,
        -31.432518005371094,
        -31.497079849243164,
        -25.73318862915039,
        33.664215087890625,
        65.34622192382812,
        66.10022735595703,
        46.79621124267578,
        -21.774005889892578,
        -61.29104232788086,
        -61.32799530029297,
        -49.21381378173828,
        43.02584457397461,
        63.97881317138672,
        61.22163009643555,
        22.312225341796875,
        -57.0152702331543,
        -65.18324279785156,
        -54.34503173828125,
        -5.206989288330078,
        16.52788543701172
    ],
    "forearmPronationData": [
        0.0,
        0.0,
        0.0,
        0.0,
        0.0,
        0.0,
        0.0,
        0.0,
        0.0,
        0.0,
        0.0,
        0.0,
        0.0,
        0.0,
        0.0,
        0.0,
        0.0,
        0.0,
        0.0,
        0.0,
        0.0,
        0.0,
        0.0,
        0.0,
        0.0
    ],
    "forearmSupinationData": [
        0.0,
        0.0,
        0.0,
        0.0,
        0.0,
        0.0,
        0.0,
        0.0,
        0.0,
        0.0,
        0.0,
        0.0,
        0.0,
        0.0,
        0.0,
        0.0,
        0.0,
        0.0,
        0.0,
        0.0,
        0.0,
        0.0,
        0.0,
        0.0,
        0.0
    ],
    "forearmPronationSupinationQuatData": [],
    "elbowFlexionData": [
        12.8500337600708,
        12.88033390045166,
        12.46673583984375,
        10.859210014343262,
        11.594794273376465,
        11.662185668945312,
        14.506441116333008,
        14.907387733459473,
        14.486510276794434,
        13.086393356323242,
        14.220009803771973,
        14.136088371276855,
        15.65766429901123,
        16.315807342529297,
        18.604267120361328,
        20.943984985351562,
        22.317466735839844,
        20.009506225585938,
        19.100122451782227,
        15.905082702636719,
        17.156089782714844,
        20.361377716064453,
        20.899433135986328,
        16.76919937133789,
        15.183712005615234
    ],
    "shoulderAbductionFlexionData": [
        23.1475830078125,
        23.364547729492188,
        23.34976577758789,
        23.324832916259766,
        22.796138763427734,
        24.041484832763672,
        23.7128963470459,
        23.572790145874023,
        22.63191032409668,
        22.230480194091797,
        22.701549530029297,
        22.550174713134766,
        24.67947769165039,
        23.98700523376465,
        23.84622573852539,
        23.62131690979004,
        21.799331665039062,
        23.96418571472168,
        23.61861801147461,
        22.916366577148438,
        24.065357208251953,
        23.371639251708984,
        23.955814361572266,
        23.344581604003906,
        23.428924560546875
    ],
    "shoulderAbductionData": [
        0.0,
        0.0,
        0.0,
        0.0,
        0.0,
        0.0,
        0.0,
        0.0,
        0.0,
        0.0,
        0.0,
        0.0,
        0.0,
        0.0,
        0.0,
        0.0,
        0.0,
        0.0,
        0.0,
        0.0,
        0.0,
        0.0,
        0.0,
        0.0,
        0.0,
        0.0,
        0.0,
        0.0,
        0.0,
        0.0,
        0.0,
        0.0,
        0.0,
        0.0,
        0.0,
        0.0,
        0.0,
        0.0,
        0.0,
        0.0,
        0.0,
        0.0,
        0.0,
        0.0,
        0.0,
        0.0,
        0.0,
        0.0,
        0.0,
        0.0,
        0.0,
        0.0,
        0.0,
        0.0,
        0.0,
        0.0,
        0.0,
        0.0,
        0.0,
        0.0,
        0.0,
        0.0,
        0.0,
        0.0,
        0.0,
        0.0,
        0.0,
        0.0,
        0.0,
        0.0,
        0.0,
        0.0,
        0.0,
        0.0,
        0.0,
        0.0,
        0.0,
        0.0,
        0.0,
        0.0,
        0.0,
        0.0,
        0.0,
        0.0,
        0.0,
        0.0,
        0.0,
        0.0,
        0.0
    ],
    "shoulderInternalRotationData": [
        5.741544723510742,
        5.750208854675293,
        5.755398273468018,
        4.653087615966797,
        3.609679698944092,
        2.7250261306762695,
        3.3797998428344727,
        3.237428665161133,
        2.127929210662842,
        1.2957391738891602,
        1.442657470703125,
        1.7882680892944336,
        3.297097682952881,
        -1.0082082748413086,
        2.461193561553955,
        3.1039862632751465,
        3.123654842376709,
        3.0409154891967773,
        3.4586100578308105,
        2.8513288497924805,
        2.5303478240966797,
        3.6145520210266113,
        3.45851469039917,
        0.8865799903869629,
        0.5722541809082031
    ],
    "shoulderExternalRotationData": [
        -5.741544723510742,
        -5.750208854675293,
        -5.755398273468018,
        -4.653087615966797,
        -3.609679698944092,
        -2.7250261306762695,
        -3.3797998428344727,
        -3.237428665161133,
        -2.127929210662842,
        -1.2957391738891602,
        -1.442657470703125,
        -1.7882680892944336,
        -3.297097682952881,
        1.0082082748413086,
        -2.461193561553955,
        -3.1039862632751465,
        -3.123654842376709,
        -3.0409154891967773,
        -3.4586100578308105,
        -2.8513288497924805,
        -2.5303478240966797,
        -3.6145520210266113,
        -3.45851469039917,
        -0.8865799903869629,
        -0.5722541809082031
    ],