{
    "wristFlexionData": [
        -20.04222869873047,
        -20.311220169067383,
        -20.669498443603516,
        -20.596662521362305,
        -35.579795837402344,
        -59.74667739868164,
        -61.294559478759766,
        6.708029270172119,
        62.277099609375,
        58.025123596191406,
        7.052762985229492,
        -31.97072982788086,
        -35.967979431152344,
        -61.67506790161133,
        -52.38257598876953,
        60.45013427734375,
        65.11482238769531,
        64.56283569335938,
        39.65191650390625,
        -8.928203582763672,
        -19.98138427734375
    ],
    "wristExtensionData": [
        20.04222869873047,
        20.311220169067383,
        20.669498443603516,
        20.596662521362305,
        35.579795837402344,
        59.74667739868164,
        61.294559478759766,
        -6.708029270172119,
        -62.277099609375,
        -58.025123596191406,
        -7.052762985229492,
        31.97072982788086,
        35.967979431152344,
        61.67506790161133,
        52.38257598876953,
        -60.45013427734375,
        -65.11482238769531,
        -64.56283569335938,
        -39.65191650390625,
        8.928203582763672,
        19.98138427734375
    ],
    "forearmPronationData": [
        0.0,
        0.0,
        0.0,
        0.0,
        0.0,
        0.0,
        0.0,
        0.0,
        0.0,
        0.0,
        0.0,
        0.0,
        0.0,
        0.0,
        0.0,
        0.0,
        0.0,
        0.0,
        0.0,
        0.0,
        0.0
    ],
    "forearmSupinationData": [
        0.0,
        0.0,
        0.0,
        0.0,
        0.0,
        0.0,
        0.0,
        0.0,
        0.0,
        0.0,
        0.0,
        0.0,
        0.0,
        0.0,
        0.0,
        0.0,
        0.0,
        0.0,
        0.0,
        0.0,
        0.0
    ],
    "forearmPronationSupinationQuatData": [],
    "elbowFlexionData": [
        47.76119613647461,
        47.479248046875,
        47.8426628112793,
        49.893089294433594,
        58.72681427001953,
        51.81241226196289,
        43.26292037963867,
        43.09223175048828,
        45.88898468017578,
        54.28866958618164,
        57.89089584350586,
        56.039100646972656,
        53.7811164855957,
        45.208797454833984,
        39.17570495605469,
        43.660640716552734,
        46.883995056152344,
        51.870540618896484,
        51.968997955322266,
        54.449092864990234,
        53.285072326660156
    ],
    "shoulderAbductionFlexionData": [
        21.664926528930664,
        22.425596237182617,
        22.794654846191406,
        22.88001251220703,
        23.664724349975586,
        21.71201515197754,
        22.219196319580078,
        23.754915237426758,
        22.838024139404297,
        22.110631942749023,
        21.76047134399414,
        23.001697540283203,
        23.570430755615234,
        22.36318588256836,
        22.54433822631836,
        21.198505401611328,
        21.063796997070312,
        20.48284149169922,
        19.80475425720215,
        20.617338180541992,
        21.1865177154541
    ],
    "shoulderAbductionData": [
        0.0,
        0.0,
        0.0,
        0.0,
        0.0,
        0.0,
        0.0,
        0.0,
        0.0,
        0.0,
        0.0,
        0.0,
        0.0,
        0.0,
        0.0,
        0.0,
        0.0,
        0.0,
        0.0,
        0.0,
        0.0,
        0.0,
        0.0,
        0.0,
        0.0,
        0.0,
        0.0,
        0.0,
        0.0,
        0.0,
        0.0,
        0.0,
        0.0,
        0.0,
        0.0,
        0.0,
        0.0,
        0.0,
        0.0,
        0.0,
        0.0,
        0.0,
        0.0,
        0.0,
        0.0,
        0.0,
        0.0,
        0.0,
        0.0,
        0.0,
        0.0,
        0.0,
        0.0,
        0.0,
        0.0,
        0.0,
        0.0,
        0.0,
        0.0,
        0.0,
        0.0,
        0.0,
        0.0,
        0.0,
        0.0,
        0.0,
        0.0,
        0.0,
        0.0,
        0.0,
        0.0,
        0.0,
        0.0,
        0.0,
        0.0,
        0.0,
        0.0,
        0.0,
        0.0,
        0.0,
        0.0,
        0.0,
        0.0,
        0.0,
        0.0,
        0.0,
        0.0,
        0.0,
        0.0,
        0.0,
        0.0,
        0.0,
        0.0,
        0.0,
        0.0,
        9.667140007019043,
        20.67535400390625,
        21.91065788269043,
        21.02915382385254,
        20.656906127929688,
        19.05632781982422,
        19.268272399902344,
        19.983505249023438,
        20.29940414428711,
        22.270793914794922,
        22.32376480102539,
        22.613710403442383,
        22.534122467041016,
        23.36665153503418,
        22.995147705078125,
        22.92892837524414,
        23.283628463745117,
        22.60749626159668,
        21.24277114868164,
        21.936141967773438,
        22.79741096496582,
        25.213214874267578,
        25.03736114501953,
        25.31577491760254,
        25.092540740966797,
        23.616647720336914,
        24.608169555664062,
        24.87801742553711,
        26.931636810302734,
        23.544742584228516,
        23.874849319458008,
        24.964000701904297,
        25.309537887573242,
        0.0,
        0.0,
        0.0,
        0.0,
        0.0,
        0.0,
        0.0,
        0.0,
        0.0,
        0.0,
        0.0,
        0.0,
        0.0,
        0.0,
        0.0,
        0.0,
        0.0,
        0.0,
        0.0,
        0.0,
        0.0,
        0.0,
        0.0,
        0.0,
        0.0,
        0.0,
        0.0,
        0.0,
        0.0,
        0.0,
        0.0,
        0.0,
        0.0,
        0.0,
        0.0,
        0.0,
        0.0,
        0.0,
        0.0,
        0.0,
        0.0,
        0.0,
        0.0,
        0.0,
        0.0,
        0.0,
        0.0,
        0.0,
        0.0,
        0.0,
        0.0,
        0.0,
        0.0,
        0.0,
        0.0,
        13.44352912902832,
        24.884828567504883,
        25.429542541503906,
        15.44395923614502,
        0.0,
        20.00017547607422,
        0.0,
        0.0,
        18.03695297241211,
        24.24195098876953,
        13.991344451904297,
        10.553227424621582,
        24.478973388671875,
        0.0,
        0.0,
        0.0,
        0.0,
        0.0,
        0.0,
        0.0,
        0.0,
        0.0,
        0.0,
        0.0,
        0.0,
        0.0,
        0.0,
        0.0,
        0.0,
        0.0,
        0.0,
        0.0,
        0.0,
        0.0,
        0.0,
        0.0,
        0.0,
        0.0,
        0.0,
        0.0,
        0.0,
        0.0,
        0.0,
        0.0,
        0.0,
        0.0,
        0.0,
        0.0,
        0.0,
        0.0,
        0.0,
        0.0,
        0.0,
        0.0,
        0.0,
        0.0,
        0.0,
        0.0,
        0.0,
        0.0,
        0.0,
        0.0,
        0.0,
        0.0,
        0.0,
        0.0,
        0.0,
        0.0,
        0.0,
        0.0,
        0.0,
        0.0,
        0.0,
        0.0,
        0.0,
        0.0,
        0.0,
        0.0,
        0.0,
        0.0,
        0.0,
        2.9105491638183594,
        23.280942916870117,
        8.494589805603027,
        20.07510757446289,
        21.066659927368164,
        21.664926528930664,
        22.425596237182617,
        22.794654846191406,
        22.88001251220703,
        23.664724349975586,
        21.71201515197754,
        22.219196319580078,
        23.754915237426758,
        22.838024139404297,
        22.110631942749023,
        21.76047134399414,
        23.001697540283203,
        23.570430755615234,
        10.01085376739502,
        15.41220760345459,
        21.198505401611328,
        21.063796997070312,
        20.48284149169922,
        19.80475425720215,
        20.617338180541992,
        21.1865177154541
    ],