{"wristFlexionData":[-27.387359619140626,-29.333877563476564,-31.365188598632814,-51.34564208984375,-66.18463134765625,-59.180809020996097,59.345611572265628,20.944686889648439,-30.917495727539064,-41.37019348144531,-46.785675048828128,-52.164466857910159,-61.85981750488281,56.461585998535159,34.193572998046878,-26.720870971679689,-43.0604248046875,-49.63334655761719,-42.139892578125,-39.33735656738281],"wristExtensionData":[27.387359619140626,29.333877563476564,31.365188598632814,51.34564208984375,66.18463134765625,59.180809020996097,-59.345611572265628,-20.944686889648439,30.917495727539064,41.37019348144531,46.785675048828128,52.164466857910159,61.85981750488281,-56.461585998535159,-34.193572998046878,26.720870971679689,43.0604248046875,49.63334655761719,42.139892578125,39.33735656738281],"forearmPronationData":[196.05426025390626,196.5527801513672,197.1939239501953,221.80514526367188,127.14390563964844,107.47869110107422,87.6506118774414,146.865234375,203.20925903320313,213.23583984375,217.45005798339845,173.42579650878907,98.79219818115235,87.95650482177735,122.45632934570313,206.01023864746095,213.09678649902345,214.93003845214845,211.03216552734376,211.2531280517578],"forearmSupinationData":[196.05426025390626,196.5527801513672,197.1939239501953,221.80514526367188,127.14390563964844,107.47869110107422,87.6506118774414,146.865234375,203.20925903320313,213.23583984375,217.45005798339845,173.42579650878907,98.79219818115235,87.95650482177735,122.45632934570313,206.01023864746095,213.09678649902345,214.93003845214845,211.03216552734376,211.2531280517578],"forearmPronationSupinationQuatData":[],"elbowFlexionData":[141.64755249023438,142.73654174804688,143.10601806640626,138.6165313720703,139.25424194335938,147.39785766601563,141.86863708496095,132.60182189941407,132.23605346679688,132.67137145996095,138.59385681152345,143.17868041992188,150.2036590576172,147.20755004882813,132.18272399902345,134.46182250976563,134.73895263671876,138.68588256835938,136.153076171875,137.32090759277345],"shoulderAbductionFlexionData":[20.325210571289064,21.996200561523439,23.053558349609376,19.882614135742189,25.708648681640626,23.80938720703125,22.282623291015626,24.634994506835939,25.105316162109376,25.197860717773439,22.0706787109375,26.152923583984376,27.700790405273439,22.658706665039064,23.29058837890625,23.716262817382814,24.96728515625,23.36004638671875,24.70965576171875,23.987503051757814],"shoulderAbductionData":[0.0,0.0,0.0,0.0,0.0,0.0,0.0,0.0,0.0,0.0,0.0,0.0,0.0,0.0,0.0,0.0,0.0,0.0,0.0,0.0,0.0,0.0,0.0,0.0,0.0,0.0,0.0,0.0,0.0,0.0,0.0,0.0,0.0,0.0,0.0,0.0,0.0,0.0,0.0,0.0,0.0,0.0,0.0,0.0,0.0,0.0,0.0,0.0,0.0,0.0,0.0,0.0,0.0,0.0,0.0,0.0,0.0,0.0,0.0,0.0,0.0,0.0,0.0,0.0,0.0,0.0,0.0,0.0,0.0,0.0,0.0,0.0,0.0,0.0,0.0,0.0,0.0,0.0,0.0,0.0,0.0,0.0,0.0,0.0,0.0,0.0,0.0,0.0,0.0,0.0,0.0,0.0,0.0,0.0,0.0,19.173171997070314,22.399093627929689,21.137451171875,20.957061767578126,20.22845458984375,18.646240234375,20.123611450195314,20.04815673828125,20.964096069335939,22.836410522460939,22.809951782226564,22.76898193359375,22.133407592773439,23.084381103515626,22.895553588867189,23.2371826171875,23.146759033203126,21.964569091796876,21.782119750976564,21.98785400390625,23.721588134765626,25.44464111328125,24.804275512695314,25.394561767578126,24.378890991210939,24.12164306640625,24.554458618164064,26.018539428710939,25.99444580078125,23.083786010742189,24.279571533203126,25.382659912109376,25.395904541015626,0.0,0.0,0.0,0.0,0.0,0.0,0.0,0.0,0.0,0.0,0.0,0.0,0.0,0.0,0.0,0.0,0.0,0.0,0.0,0.0,0.0,0.0,0.0,0.0,0.0,0.0,0.0,0.0,0.0,0.0,0.0,0.0,0.0,0.0,0.0,0.0,0.0,0.0,0.0,0.0,0.0,0.0,0.0,0.0,0.0,0.0,0.0,0.0,0.0,0.0,0.0,0.0,0.0,0.0,0.0,24.634994506835939,25.105316162109376,25.197860717773439,0.0,0.0,0.0,0.0,0.0,23.716262817382814,24.96728515625,0.0,24.70965576171875,23.987503051757814],"shoulderInternalRotationData":[11.146003723144532,12.843002319335938,14.469650268554688,15.096946716308594,17.93933868408203,10.279754638671875,10.777420043945313,18.14056396484375,19.1815185546875,20.149673461914064,14.894622802734375,15.471107482910157,10.910926818847657,9.40557861328125,19.560821533203126,20.76740264892578,23.09241485595703,20.52165985107422,21.29827880859375,19.953575134277345],"shoulderExternalRotationData":[-11.146003723144532,-12.843002319335938,-14.469650268554688,-15.096946716308594,-17.93933868408203,-10.279754638671875,-10.777420043945313,-18.14056396484375,-19.1815185546875,-20.149673461914064,-14.894622802734375,-15.471107482910157,-10.910926818847657,-9.40557861328125,-19.560821533203126,-20.76740264892578,-23.09241485595703,-20.52165985107422,-21.29827880859375,-19.953575134277345],