{"wristFlexionData":[-34.906402587890628,-35.1484375,-35.833648681640628,-34.89833068847656,-32.59974670410156,-52.63294982910156,-62.517303466796878,-63.56809997558594,-61.13212585449219,57.38429260253906,18.572128295898439,-33.246673583984378,-45.08528137207031,-50.65318298339844,-61.136566162109378,-64.23182678222656,-61.28858947753906,48.01753234863281,-12.599853515625,-42.41792297363281,-50.29780578613281,-47.18719482421875,-44.283233642578128,-44.33067321777344,-43.073699951171878,-42.687713623046878,-40.9339599609375,-41.52496337890625],"wristExtensionData":[34.906402587890628,35.1484375,35.833648681640628,34.89833068847656,32.59974670410156,52.63294982910156,62.517303466796878,63.56809997558594,61.13212585449219,-57.38429260253906,-18.572128295898439,33.246673583984378,45.08528137207031,50.65318298339844,61.136566162109378,64.23182678222656,61.28858947753906,-48.01753234863281,12.599853515625,42.41792297363281,50.29780578613281,47.18719482421875,44.283233642578128,44.33067321777344,43.073699951171878,42.687713623046878,40.9339599609375,41.52496337890625],"forearmPronationData":[163.5986328125,164.05116271972657,165.7114715576172,166.5565643310547,170.357666015625,204.1518096923828,193.69300842285157,165.1000518798828,116.51879119873047,110.65789794921875,146.22955322265626,193.67706298828126,205.9951629638672,208.35147094726563,189.43115234375,122.79132843017578,106.57792663574219,101.79605102539063,177.59933471679688,207.33316040039063,198.31529235839845,192.60536193847657,191.0760955810547,191.1651611328125,191.46939086914063,191.564697265625,189.271240234375,189.86264038085938],"forearmSupinationData":[163.5986328125,164.05116271972657,165.7114715576172,166.5565643310547,170.357666015625,204.1518096923828,193.69300842285157,165.1000518798828,116.51879119873047,110.65789794921875,146.22955322265626,193.67706298828126,205.9951629638672,208.35147094726563,189.43115234375,122.79132843017578,106.57792663574219,101.79605102539063,177.59933471679688,207.33316040039063,198.31529235839845,192.60536193847657,191.0760955810547,191.1651611328125,191.46939086914063,191.564697265625,189.271240234375,189.86264038085938],"forearmPronationSupinationQuatData":[],"elbowFlexionData":[172.35394287109376,173.44073486328126,173.24240112304688,172.83990478515626,171.6106719970703,166.89805603027345,164.9938507080078,170.37451171875,170.00137329101563,164.2960968017578,165.15744018554688,162.00328063964845,160.633544921875,163.40699768066407,166.52078247070313,170.07095336914063,168.15724182128907,158.27943420410157,160.76107788085938,158.29257202148438,162.8452606201172,161.28707885742188,163.73184204101563,163.79222106933595,165.0149383544922,164.382568359375,165.54161071777345,165.36868286132813],"shoulderAbductionFlexionData":[21.752731323242189,22.774093627929689,21.374298095703126,21.69488525390625,21.8250732421875,20.47528076171875,20.824111938476564,23.28662109375,25.821456909179689,22.400711059570314,18.842605590820314,17.190826416015626,17.647186279296876,19.654617309570314,22.93597412109375,27.771820068359376,25.514602661132814,20.297943115234376,20.832962036132814,19.551727294921876,21.9520263671875,23.078277587890626,22.667221069335939,22.045059204101564,21.754623413085939,21.413803100585939,21.202255249023439,21.800582885742189],"shoulderAbductionData":[0.0,0.0,0.0,0.0,0.0,0.0,0.0,0.0,0.0,0.0,0.0,0.0,0.0,0.0,0.0,0.0,0.0,0.0,0.0,0.0,0.0,0.0,0.0,0.0,0.0,0.0,0.0,0.0,0.0,0.0,0.0,0.0,0.0,0.0,0.0,0.0,0.0,0.0,0.0,0.0,0.0,0.0,0.0,0.0,0.0,0.0,0.0,0.0,0.0,0.0,0.0,0.0,0.0,0.0,0.0,0.0,0.0,0.0,0.0,0.0,0.0,0.0,0.0,0.0,0.0,0.0,0.0,0.0,0.0,0.0,0.0,0.0,0.0,0.0,0.0,0.0,0.0,0.0,0.0,0.0,0.0,0.0,0.0,0.0,0.0,0.0,0.0,0.0,0.0,0.0,0.0,0.0,0.0,0.0,0.0,19.173171997070314,22.399093627929689,21.137451171875,20.957061767578126,20.22845458984375,18.646240234375,20.123611450195314,20.04815673828125,20.964096069335939,22.836410522460939,22.809951782226564,22.76898193359375,22.133407592773439,23.084381103515626,22.895553588867189,23.2371826171875,23.146759033203126,21.964569091796876,21.782119750976564,21.98785400390625,23.721588134765626,25.44464111328125,24.804275512695314,25.394561767578126,24.378890991210939,24.12164306640625,24.554458618164064,26.018539428710939,25.99444580078125,23.083786010742189,24.279571533203126,25.382659912109376,25.395904541015626,0.0,0.0,0.0,0.0,0.0,0.0,0.0,0.0,0.0,0.0,0.0,0.0,0.0,0.0,0.0,0.0,0.0,0.0,0.0,0.0,0.0,0.0,0.0,0.0,0.0,0.0,0.0,0.0],"shoulderInternalRotationData":[-5.636848449707031,-4.882820129394531,-3.3426513671875,-2.401641845703125,-1.9406280517578126,-0.0341033935546875,-4.030265808105469,-5.237586975097656,-4.338623046875,0.576171875,0.4241485595703125,-0.7949066162109375,-1.4516220092773438,-0.9475860595703125,1.0431976318359376,-2.0689620971679689,-2.4546127319335939,0.7556076049804688,5.2474822998046879,2.1648635864257814,1.0638809204101563,4.954742431640625,1.3305435180664063,0.942108154296875,0.28833770751953127,-0.49544525146484377,-1.4320068359375,-0.6171646118164063],"shoulderExternalRotationData":[5.636848449707031,4.882820129394531,3.3426513671875,2.401641845703125,1.9406280517578126,0.0341033935546875,4.030265808105469,5.237586975097656,4.338623046875,-0.576171875,-0.4241485595703125,0.7949066162109375,1.4516220092773438,0.9475860595703125,-1.0431976318359376,2.0689620971679689,2.4546127319335939,-0.7556076049804688,-5.2474822998046879,-2.1648635864257814,-1.0638809204101563,-4.954742431640625,-1.3305435180664063,-0.942108154296875,-0.28833770751953127,0.49544525146484377,1.4320068359375,0.6171646118164063],