{"wristFlexionData":[-10.892654418945313,-10.417953491210938,-10.81292724609375,-26.288299560546876,-56.68787384033203,-50.02488708496094,12.487274169921875,62.800506591796878,57.86311340332031,14.364425659179688,-40.48112487792969,-51.80461120605469,-40.51518249511719,16.7620849609375,54.71875762939453,56.14783477783203,8.353897094726563,-11.936630249023438,-5.3045196533203129,-6.67425537109375,-5.7412872314453129],"wristExtensionData":[10.892654418945313,10.417953491210938,10.81292724609375,26.288299560546876,56.68787384033203,50.02488708496094,-12.487274169921875,-62.800506591796878,-57.86311340332031,-14.364425659179688,40.48112487792969,51.80461120605469,40.51518249511719,-16.7620849609375,-54.71875762939453,-56.14783477783203,-8.353897094726563,11.936630249023438,5.3045196533203129,6.67425537109375,5.7412872314453129],"forearmPronationData":[166.51718139648438,165.5055389404297,163.73953247070313,186.04931640625,214.11732482910157,210.37109375,158.3432159423828,103.53448486328125,105.58406066894531,159.2536163330078,205.93875122070313,213.09793090820313,203.60711669921876,147.7461700439453,108.7306900024414,104.3190689086914,158.22207641601563,173.98391723632813,168.18701171875,168.03477478027345,168.4768524169922],"forearmSupinationData":[166.51718139648438,165.5055389404297,163.73953247070313,186.04931640625,214.11732482910157,210.37109375,158.3432159423828,103.53448486328125,105.58406066894531,159.2536163330078,205.93875122070313,213.09793090820313,203.60711669921876,147.7461700439453,108.7306900024414,104.3190689086914,158.22207641601563,173.98391723632813,168.18701171875,168.03477478027345,168.4768524169922],"forearmPronationSupinationQuatData":[],"elbowFlexionData":[147.27578735351563,147.59132385253907,147.41427612304688,144.132568359375,140.52809143066407,140.51002502441407,144.00491333007813,144.46148681640626,146.93255615234376,144.1293487548828,145.09239196777345,143.54421997070313,142.57872009277345,147.19093322753907,145.77061462402345,149.04368591308595,146.7653350830078,148.8712921142578,147.72093200683595,148.69822692871095,147.19256591796876],"shoulderAbductionFlexionData":[20.134414672851564,19.629776000976564,20.09466552734375,19.29791259765625,19.09832763671875,18.103240966796876,20.29022216796875,22.484603881835939,21.491912841796876,19.012664794921876,16.231781005859376,18.043304443359376,18.413238525390626,20.764251708984376,20.09521484375,19.523117065429689,19.2462158203125,19.356735229492189,19.36395263671875,20.046920776367189,19.69573974609375],"shoulderAbductionData":[0.0,0.0,0.0,0.0,0.0,0.0,0.0,0.0,0.0,0.0,0.0,0.0,0.0,0.0,0.0,0.0,0.0,0.0,0.0,0.0,0.0,0.0,0.0,0.0,0.0,0.0,0.0,0.0,0.0,0.0,0.0,0.0,0.0,0.0,0.0,0.0,0.0,0.0,0.0,0.0,0.0,0.0,0.0,0.0,0.0,0.0,0.0,0.0,0.0,0.0,0.0,0.0,0.0,0.0,0.0,0.0,0.0,0.0,0.0,0.0,0.0,0.0,0.0,0.0],"shoulderInternalRotationData":[15.45794677734375,15.414543151855469,15.543563842773438,15.94671630859375,19.149131774902345,17.562713623046876,16.39287567138672,16.20245361328125,14.581504821777344,15.094917297363282,11.641799926757813,14.246528625488282,14.314826965332032,12.918266296386719,12.545242309570313,10.448898315429688,12.459159851074219,12.356178283691407,11.71392822265625,11.350379943847657,10.387161254882813],"shoulderExternalRotationData":[-15.45794677734375,-15.414543151855469,-15.543563842773438,-15.94671630859375,-19.149131774902345,-17.562713623046876,-16.39287567138672,-16.20245361328125,-14.581504821777344,-15.094917297363282,-11.641799926757813,-14.246528625488282,-14.314826965332032,-12.918266296386719,-12.545242309570313,-10.448898315429688,-12.459159851074219,-12.356178283691407,-11.71392822265625,-11.350379943847657,-10.387161254882813],"shoulderFlexionData":[17.641189575195314,17.280349731445314,16.72119140625,13.335220336914063,14.987838745117188,15.920318603515625,21.0614013671875,19.941802978515626,19.406265258789064,19.876174926757814,17.8570556640625,18.4383544921875,19.614151000976564,21.358230590820314,21.322662353515626,22.1051025390625,21.766403198242189,20.76800537109375,20.729232788085939,18.862472534179689,18.860092163085939,19.551666259765626,19.936630249023439,15.605178833007813,16.375564575195314,16.769790649414064,14.25103759765625,15.849197387695313,16.740890502929689,22.200942993164064,20.930709838867189,21.76513671875,18.4854736328125,17.174468994140626,19.06378173828125,17.162628173828126,20.7720947265625,19.268692016601564,19.802749633789064,19.197402954101564,18.52862548828125,17.40020751953125,17.79486083984375,20.134414672851564,19.629776000976564,20.09466552734375,19.29791259765625,19.09832763671875,18.103240966796876,20.29022216796875,22.484603881835939,21.491912841796876,19.012664794921876,16.231781005859376,18.043304443359376,18.413238525390626,20.764251708984376,20.09521484375,19.523117065429689,19.2462158203125,19.356735229492189,19.36395263671875,20.046920776367189,19.69573974609375],"shoulderHorizontalAbductionData":[11.178207397460938,10.838508605957032,11.125205993652344,11.174552917480469,12.654953002929688,11.968330383300782,12.320777893066407,12.13177490234375,11.605453491210938,10.635185241699219,10.593086242675782,11.142555236816407,12.039382934570313,11.953201293945313,11.747329711914063,10.805023193359375,10.628395080566407,10.381668090820313,10.758377075195313,11.435157775878907,11.98455810546875],"shoulderHorizontalAdductionData":[-11.178207397460938,-10.838508605957032,-11.125205993652344,-11.174552917480469,-12.654953002929688,-11.968330383300782,-12.320777893066407,-12.13177490234375,-11.605453491210938,-10.635185241699219,-10.593086242675782,-11.142555236816407,-12.039382934570313,-11.953201293945313,-11.747329711914063,-10.805023193359375,-10.628395080566407,-10.381668090820313,-10.758377075195313,-11.435157775878907,-11.98455810546875],"trunkTiltData":[0.011846363544464112,0.010574758052825928,0.010729789733886719,0.013053357601165772,0.009743690490722657,0.009283959865570069,0.011933505535125733,0.011230409145355225,0.0113639235496521,0.019972115755081178,0.017517566680908204,0.016755282878875734,0.013980567455291748,0.018578648567199708,0.015471160411834717,0.014888554811477661,0.018813729286193849,0.017323851585388185,0.019937992095947267,0.018385648727416993,0.01970374584197998],"thumbDistalLocationData":[],"thumbProximalLocationData":[],"thumbMetacarpalLocationData":[],"indexDistalLocationData":[],"indexProximalLocationData":[],"indexMetacarpalLocationData":[],"middleDistalLocationData":[],"middleProximalLocationData":[],"middleMetacarpalLocationData":[],"ringDistalLocationData":[],"ringProximalLocationData":[],"ringMetacarpalLocationData":[],"littleDistalLocationData":[],"littleProximalLocationData":[],"littleMetacarpalLocationData":[],"headLocationData":[],"wristLocationData":[],"armLowerLocationData":[],"armUpperLocationData":[]}