{"wristFlexionData":[36.088348388671878,35.321990966796878,33.23799133300781,32.889190673828128,34.250244140625,-30.53515625,17.349090576171876,18.541519165039064,17.250396728515626,-27.363937377929689,29.622451782226564,29.93707275390625,30.0452880859375,24.340972900390626,13.798858642578125,13.091629028320313,13.316635131835938,-23.149765014648439,21.10235595703125,24.709243774414064,28.452865600585939],"wristExtensionData":[-36.088348388671878,-35.321990966796878,-33.23799133300781,-32.889190673828128,-34.250244140625,30.53515625,-17.349090576171876,-18.541519165039064,-17.250396728515626,27.363937377929689,-29.622451782226564,-29.93707275390625,-30.0452880859375,-24.340972900390626,-13.798858642578125,-13.091629028320313,-13.316635131835938,23.149765014648439,-21.10235595703125,-24.709243774414064,-28.452865600585939],"forearmPronationData":[145.3065948486328,145.3969268798828,145.9879913330078,146.42930603027345,144.8523712158203,115.18396759033203,38.470375061035159,44.23398971557617,42.94775390625,79.92691040039063,145.71981811523438,147.54440307617188,147.0213623046875,66.69110107421875,42.86684036254883,48.93650436401367,51.34947204589844,59.44284439086914,143.56004333496095,148.5198516845703,148.50384521484376],"forearmSupinationData":[145.3065948486328,145.3969268798828,145.9879913330078,146.42930603027345,144.8523712158203,115.18396759033203,38.470375061035159,44.23398971557617,42.94775390625,79.92691040039063,145.71981811523438,147.54440307617188,147.0213623046875,66.69110107421875,42.86684036254883,48.93650436401367,51.34947204589844,59.44284439086914,143.56004333496095,148.5198516845703,148.50384521484376],"forearmPronationSupinationQuatData":[],"elbowFlexionData":[164.9705047607422,165.07858276367188,165.96273803710938,165.84278869628907,165.2131805419922,164.76437377929688,167.1791229248047,175.57057189941407,177.0850372314453,162.42779541015626,168.7901153564453,168.75222778320313,164.69505310058595,169.72064208984376,175.92503356933595,178.01190185546876,175.03326416015626,162.329833984375,168.85137939453126,168.3435516357422,165.94236755371095],"shoulderAbductionFlexionData":[20.930267333984376,21.59326171875,21.639389038085939,22.908004760742189,23.942947387695314,25.337371826171876,24.919021606445314,29.334426879882814,30.055740356445314,23.4012451171875,25.005218505859376,25.10125732421875,23.45745849609375,26.002670288085939,26.980300903320314,29.32421875,28.85772705078125,21.459548950195314,26.906982421875,27.609344482421876,23.448989868164064],"shoulderAbductionData":[0.0,0.0,0.0,0.0,0.0,0.0,0.0,0.0,0.0,0.0,0.0,0.0,0.0,0.0,0.0,0.0,0.0,0.0,0.0,0.0,0.0,0.0,0.0,0.0,0.0,0.0,0.0,0.0,0.0,0.0,0.0,0.0,0.0,0.0,0.0,0.0,0.0,0.0,0.0,0.0,0.0,0.0,0.0,0.0,0.0,0.0,0.0,0.0,0.0,0.0,0.0,0.0,0.0,0.0,0.0,0.0,0.0,0.0,0.0,0.0,0.0,0.0,0.0,0.0,0.0,0.0,0.0,0.0,0.0,0.0,0.0,0.0,0.0,0.0,0.0,0.0,0.0,0.0,0.0,0.0,0.0,0.0,0.0,0.0,0.0,0.0,0.0,0.0,0.0,0.0,0.0,0.0,0.0,0.0,0.0,19.173171997070314,22.399093627929689,21.137451171875,20.957061767578126,20.22845458984375,18.646240234375,20.123611450195314,20.04815673828125,20.964096069335939,22.836410522460939,22.809951782226564,22.76898193359375,22.133407592773439,23.084381103515626,22.895553588867189,23.2371826171875,23.146759033203126,21.964569091796876,21.782119750976564,21.98785400390625,23.721588134765626,25.44464111328125,24.804275512695314,25.394561767578126,24.378890991210939,24.12164306640625,24.554458618164064,26.018539428710939,25.99444580078125,23.083786010742189,24.279571533203126,25.382659912109376,25.395904541015626,0.0,0.0,0.0,0.0,0.0,0.0,0.0,0.0,0.0,0.0,0.0,0.0,0.0,0.0,0.0,0.0,0.0,0.0,0.0,0.0,0.0,0.0,0.0,0.0,0.0,0.0,0.0,0.0,0.0,0.0,0.0,0.0,0.0,0.0,0.0,0.0,0.0,0.0,0.0,0.0,0.0,0.0,0.0,0.0,0.0,0.0,0.0,0.0,0.0,0.0,0.0,0.0,0.0,0.0,0.0,24.634994506835939,25.105316162109376,25.197860717773439,0.0,0.0,0.0,0.0,0.0,23.716262817382814,24.96728515625,0.0,24.70965576171875,23.987503051757814,0.0,0.0,0.0,0.0,0.0,0.0,0.0,0.0,0.0,0.0,0.0,0.0,0.0,0.0,0.0,0.0,0.0,0.0,0.0,0.0,0.0,0.0,0.0,0.0,0.0,0.0,0.0,0.0,0.0,0.0,0.0,0.0,0.0,0.0,0.0,0.0,0.0,0.0,0.0,0.0,0.0,0.0,0.0,0.0,0.0,0.0,0.0,0.0,0.0,0.0,0.0,0.0,0.0,0.0,0.0,0.0,0.0,0.0,0.0,0.0,0.0,0.0,0.0,0.0,0.0,0.0,0.0,0.0,23.253326416015626,22.784088134765626,0.0,21.313232421875,20.7799072265625,21.824066162109376,22.964691162109376,22.642227172851564,23.218368530273439,23.1895751953125,20.75103759765625,23.199737548828126,22.6285400390625,22.11968994140625,22.493499755859376,21.961318969726564,23.406417846679689,23.334915161132814,0.0,22.175888061523439,21.017257690429689,20.3665771484375,20.229690551757814,19.888458251953126,20.9185791015625,21.514068603515626,0.0,0.0,0.0,0.0,0.0,0.0,0.0,0.0,0.0,0.0,0.0,0.0,0.0,0.0,0.0,0.0,0.0,0.0,0.0,0.0,0.0],"shoulderInternalRotationData":[-1.08746337890625,-2.235992431640625,-5.649604797363281,-5.2157745361328129,-4.2149505615234379,-5.117767333984375,-10.507949829101563,-7.18536376953125,-6.100883483886719,-2.8471755981445314,-4.13043212890625,-1.7475128173828126,-0.7599029541015625,-4.5962677001953129,-5.276115417480469,-4.7803497314453129,-8.671089172363282,-6.1418914794921879,-4.868003845214844,-1.2302017211914063,-2.456573486328125],"shoulderExternalRotationData":[1.08746337890625,2.235992431640625,5.649604797363281,5.2157745361328129,4.2149505615234379,5.117767333984375,10.507949829101563,7.18536376953125,6.100883483886719,2.8471755981445314,4.13043212890625,1.7475128173828126,0.7599029541015625,4.5962677001953129,5.276115417480469,4.7803497314453129,8.671089172363282,6.1418914794921879,4.868003845214844,1.2302017211914063,2.456573486328125],