{"wristFlexionData":[-13.343170166015625,-13.188125610351563,-11.880859375,10.959884643554688,12.20892333984375,25.712432861328126,-30.398971557617189,-26.9930419921875,-26.865921020507814,-13.901840209960938,-10.952239990234375,-14.08935546875,-13.641342163085938,17.46636962890625,29.595809936523439,-31.050201416015626,29.585601806640626,22.448989868164064,-11.515029907226563,-20.345260620117189,-11.30499267578125,-12.994354248046875,-10.600784301757813],"wristExtensionData":[13.343170166015625,13.188125610351563,11.880859375,-10.959884643554688,-12.20892333984375,-25.712432861328126,30.398971557617189,26.9930419921875,26.865921020507814,13.901840209960938,10.952239990234375,14.08935546875,13.641342163085938,-17.46636962890625,-29.595809936523439,31.050201416015626,-29.585601806640626,-22.448989868164064,11.515029907226563,20.345260620117189,11.30499267578125,12.994354248046875,10.600784301757813],"forearmPronationData":[159.61305236816407,159.82400512695313,159.7108154296875,159.41029357910157,151.37168884277345,37.76639938354492,42.946449279785159,43.963016510009769,55.72890853881836,160.44622802734376,152.11834716796876,155.4044189453125,162.45497131347657,86.3011474609375,36.35906982421875,46.102684020996097,44.86250686645508,119.76016998291016,152.29139709472657,150.4705047607422,156.9197998046875,155.71510314941407,157.4344482421875],"forearmSupinationData":[159.61305236816407,159.82400512695313,159.7108154296875,159.41029357910157,151.37168884277345,37.76639938354492,42.946449279785159,43.963016510009769,55.72890853881836,160.44622802734376,152.11834716796876,155.4044189453125,162.45497131347657,86.3011474609375,36.35906982421875,46.102684020996097,44.86250686645508,119.76016998291016,152.29139709472657,150.4705047607422,156.9197998046875,155.71510314941407,157.4344482421875],"forearmPronationSupinationQuatData":[],"elbowFlexionData":[157.68215942382813,158.28350830078126,158.1234893798828,156.68174743652345,157.47703552246095,154.30990600585938,156.1812286376953,156.24249267578126,151.81072998046876,159.8968505859375,158.25656127929688,156.4824676513672,157.5811767578125,157.7735595703125,160.07058715820313,157.32054138183595,157.7986602783203,154.85423278808595,154.07284545898438,158.19229125976563,159.58566284179688,158.6947784423828,156.97125244140626],"shoulderAbductionFlexionData":[20.281112670898439,20.170867919921876,19.422103881835939,18.916595458984376,20.38336181640625,17.27838134765625,16.69586181640625,16.598922729492189,20.216537475585939,26.019912719726564,24.967025756835939,22.301239013671876,24.801528930664064,25.184127807617189,18.02484130859375,15.394866943359375,16.54302978515625,26.11798095703125,26.393630981445314,26.379928588867189,25.134262084960939,25.659103393554689,24.727279663085939],"shoulderAbductionData":[0.0,0.0,0.0,0.0,0.0,0.0,0.0,0.0,0.0,0.0,0.0,0.0,0.0,0.0,0.0,0.0,0.0,0.0,0.0,0.0,0.0,0.0,0.0,0.0,0.0,0.0,0.0,0.0,0.0,0.0,0.0,0.0,0.0,0.0,0.0,0.0,0.0,0.0,0.0,0.0,0.0,0.0,0.0,0.0,0.0,0.0,0.0,0.0,0.0,0.0,0.0,0.0,0.0,0.0,0.0,0.0,0.0,0.0,0.0,0.0,0.0,0.0,0.0,0.0,0.0,0.0,0.0,0.0,0.0,0.0,0.0,0.0,0.0,0.0,0.0,0.0,0.0,0.0,0.0,0.0,0.0,0.0,0.0,0.0,0.0,0.0,0.0,0.0,0.0,0.0,0.0,0.0,0.0,0.0,0.0,19.173171997070314,22.399093627929689,21.137451171875,20.957061767578126,20.22845458984375,18.646240234375,20.123611450195314,20.04815673828125,20.964096069335939,22.836410522460939,22.809951782226564,22.76898193359375,22.133407592773439,23.084381103515626,22.895553588867189,23.2371826171875,23.146759033203126,21.964569091796876,21.782119750976564,21.98785400390625,23.721588134765626,25.44464111328125,24.804275512695314,25.394561767578126,24.378890991210939,24.12164306640625,24.554458618164064,26.018539428710939,25.99444580078125,23.083786010742189,24.279571533203126,25.382659912109376,25.395904541015626,0.0,0.0,0.0,0.0,0.0,0.0,0.0,0.0,0.0,0.0,0.0,0.0,0.0,0.0,0.0,0.0,0.0,0.0,0.0,0.0,0.0,0.0,0.0,0.0,0.0,0.0,0.0,0.0,0.0,0.0,0.0,0.0,0.0,0.0,0.0,0.0,0.0,0.0,0.0,0.0,0.0,0.0,0.0,0.0,0.0,0.0,0.0,0.0,0.0,0.0,0.0,0.0,0.0,0.0,0.0,24.634994506835939,25.105316162109376,25.197860717773439,0.0,0.0,0.0,0.0,0.0,23.716262817382814,24.96728515625,0.0,24.70965576171875,23.987503051757814,0.0,0.0,0.0,0.0,0.0,0.0,0.0,0.0,0.0,0.0,0.0,0.0,0.0,0.0,0.0,0.0,0.0,0.0,0.0,0.0,0.0,0.0,0.0,0.0,0.0,0.0,0.0,0.0,0.0,0.0,0.0,0.0,0.0,0.0,0.0,0.0,0.0,0.0,0.0,0.0,0.0,0.0,0.0,0.0,0.0,0.0,0.0,0.0,0.0,0.0,0.0,0.0,0.0,0.0,0.0,0.0,0.0,0.0,0.0,0.0,0.0,0.0,0.0,0.0,0.0,0.0,0.0,0.0,23.253326416015626,22.784088134765626,0.0,21.313232421875,20.7799072265625,21.824066162109376,22.964691162109376,22.642227172851564,23.218368530273439,23.1895751953125,20.75103759765625,23.199737548828126,22.6285400390625,22.11968994140625,22.493499755859376,21.961318969726564,23.406417846679689,23.334915161132814,0.0,22.175888061523439,21.017257690429689,20.3665771484375,20.229690551757814,19.888458251953126,20.9185791015625,21.514068603515626,0.0,0.0,0.0,0.0,0.0,0.0,0.0,0.0,0.0,0.0,0.0,0.0,0.0,0.0,0.0,0.0,0.0,0.0,0.0,0.0,0.0,0.0,0.0,0.0,0.0,0.0,0.0,0.0,0.0,0.0,0.0,0.0,0.0,0.0,0.0,0.0,0.0,0.0,0.0,26.393630981445314,0.0,0.0,0.0,24.727279663085939],"shoulderInternalRotationData":[1.3108673095703126,1.8994140625,-0.38779449462890627,-1.8300399780273438,-1.1753692626953126,-4.68756103515625,-8.159072875976563,-6.5096435546875,3.065216064453125,2.8681793212890627,0.8539581298828125,0.7613067626953125,3.1035995483398439,1.9190216064453126,-7.5033111572265629,-7.90899658203125,-4.9785614013671879,4.170387268066406,4.117393493652344,3.6450653076171877,1.9276885986328126,2.9531021118164064,2.1218719482421877],"shoulderExternalRotationData":[-1.3108673095703126,-1.8994140625,0.38779449462890627,1.8300399780273438,1.1753692626953126,4.68756103515625,8.159072875976563,6.5096435546875,-3.065216064453125,-2.8681793212890627,-0.8539581298828125,-0.7613067626953125,-3.1035995483398439,-1.9190216064453126,7.5033111572265629,7.90899658203125,4.9785614013671879,-4.170387268066406,-4.117393493652344,-3.6450653076171877,-1.9276885986328126,-2.9531021118164064,-2.1218719482421877],