{"wristFlexionData":[37.088623046875,36.681610107421878,31.09881591796875,30.286941528320314,29.875534057617189,33.747406005859378,34.61540222167969,35.80938720703125,35.79780578613281,38.354248046875,37.86802673339844,39.68919372558594,-32.1402587890625,40.15692138671875,37.83428955078125],"wristExtensionData":[-37.088623046875,-36.681610107421878,-31.09881591796875,-30.286941528320314,-29.875534057617189,-33.747406005859378,-34.61540222167969,-35.80938720703125,-35.79780578613281,-38.354248046875,-37.86802673339844,-39.68919372558594,32.1402587890625,-40.15692138671875,-37.83428955078125],"forearmPronationData":[105.20477294921875,107.70680236816406,89.19306182861328,88.03195190429688,90.1292953491211,91.28768920898438,89.86886596679688,89.72409057617188,77.53236389160156,76.64002227783203,18.58571434020996,280.5879211425781,268.3984680175781,254.6697540283203,261.719482421875],"forearmSupinationData":[105.20477294921875,107.70680236816406,89.19306182861328,88.03195190429688,90.1292953491211,91.28768920898438,89.86886596679688,89.72409057617188,77.53236389160156,76.64002227783203,18.58571434020996,280.5879211425781,268.3984680175781,254.6697540283203,261.719482421875],"forearmPronationSupinationQuatData":[],"elbowFlexionData":[152.521484375,155.45098876953126,163.0472412109375,161.80299377441407,160.96270751953126,156.37632751464845,157.72134399414063,156.19607543945313,166.16981506347657,162.80308532714845,161.93890380859376,161.71401977539063,168.1278533935547,161.80667114257813,163.6602783203125],"shoulderAbductionFlexionData":[21.292617797851564,13.111282348632813,15.603713989257813,18.729644775390626,18.453140258789064,17.296920776367189,9.621368408203125,10.106475830078125,29.748367309570314,44.58222961425781,63.096107482910159,76.07102966308594,84.53022003173828,88.19361114501953,92.06392669677735],"shoulderAbductionData":[0.0,0.0,0.0,0.0,0.0,0.0,0.0,0.0,0.0,0.0,0.0,0.0,0.0,0.0,0.0,0.0,0.0,0.0,0.0,0.0,0.0,0.0,0.0,0.0,0.0,0.0,0.0,0.0,0.0,0.0,0.0,0.0,0.0,0.0,0.0,0.0,0.0,0.0,0.0,0.0,0.0,0.0,0.0,0.0,0.0,0.0,0.0,0.0,0.0,0.0,0.0,0.0,0.0,0.0,0.0,0.0,0.0,0.0,0.0,0.0,0.0,0.0,0.0,0.0,0.0,0.0,0.0,0.0,0.0,0.0,0.0,0.0,0.0,0.0,0.0,0.0,0.0,0.0,0.0,0.0,0.0,0.0,0.0,0.0,0.0,0.0,0.0,0.0,0.0,0.0,0.0,0.0,0.0,0.0,0.0,19.173171997070314,22.399093627929689,21.137451171875,20.957061767578126,20.22845458984375,18.646240234375,20.123611450195314,20.04815673828125,20.964096069335939,22.836410522460939,22.809951782226564,22.76898193359375,22.133407592773439,23.084381103515626,22.895553588867189,23.2371826171875,23.146759033203126,21.964569091796876,21.782119750976564,21.98785400390625,23.721588134765626,25.44464111328125,24.804275512695314,25.394561767578126,24.378890991210939,24.12164306640625,24.554458618164064,26.018539428710939,25.99444580078125,23.083786010742189,24.279571533203126,25.382659912109376,25.395904541015626,0.0,0.0,0.0,0.0,0.0,0.0,0.0,0.0,0.0,0.0,0.0,0.0,0.0,0.0,0.0,0.0,0.0,0.0,0.0,0.0,0.0,0.0,0.0,0.0,0.0,0.0,0.0,0.0,0.0,0.0,0.0,0.0,0.0,0.0,0.0,0.0,0.0,0.0,0.0,0.0,0.0,0.0,0.0,0.0,0.0,0.0,0.0,0.0,0.0,0.0,0.0,0.0,0.0,0.0,0.0,24.634994506835939,25.105316162109376,25.197860717773439,0.0,0.0,0.0,0.0,0.0,23.716262817382814,24.96728515625,0.0,24.70965576171875,23.987503051757814,0.0,0.0,0.0,0.0,0.0,0.0,0.0,0.0,0.0,0.0,0.0,0.0,0.0,0.0,0.0,0.0,0.0,0.0,0.0,0.0,0.0,0.0,0.0,0.0,0.0,0.0,0.0,0.0,0.0,0.0,0.0,0.0,0.0,0.0,0.0,0.0,0.0,0.0,0.0,0.0,0.0,0.0,0.0,0.0,0.0,0.0,0.0,0.0,0.0,0.0,0.0,0.0,0.0,0.0,0.0,0.0,0.0,0.0,0.0,0.0,0.0,0.0,0.0,0.0,0.0,0.0,0.0,0.0,23.253326416015626,22.784088134765626,0.0,21.313232421875,20.7799072265625,21.824066162109376,22.964691162109376,22.642227172851564,23.218368530273439,23.1895751953125,20.75103759765625,23.199737548828126,22.6285400390625,22.11968994140625,22.493499755859376,21.961318969726564,23.406417846679689,23.334915161132814,0.0,22.175888061523439,21.017257690429689,20.3665771484375,20.229690551757814,19.888458251953126,20.9185791015625,21.514068603515626,0.0,0.0,0.0,0.0,0.0,0.0,0.0,0.0,0.0,0.0,0.0,0.0,0.0,0.0,0.0,0.0,0.0,0.0,0.0,0.0,0.0,0.0,0.0,0.0,0.0,0.0,0.0,0.0,0.0,0.0,0.0,0.0,0.0,0.0,0.0,0.0,0.0,0.0,0.0,26.393630981445314,0.0,0.0,0.0,24.727279663085939,29.50628662109375,28.54742431640625,28.043228149414064,26.50579833984375,0.0,0.0,0.0,0.0,0.0,0.0,0.0,0.0,0.0,0.0,0.0,0.0,23.156158447265626,23.263809204101564,23.74481201171875,24.016921997070314,23.7232666015625,26.190017700195314,27.527557373046876,0.0,0.0,0.0,0.0,0.0,0.0,0.0,0.0,0.0,0.0,0.0,0.0,0.0,0.0,0.0,0.0,0.0,0.0,0.0,0.0,0.0,0.0,0.0,0.0,27.01715087890625,26.76507568359375,26.09405517578125,0.0,0.0,0.0,0.0,0.0,26.062088012695314,26.46484375,25.927780151367189,26.10186767578125,0.0,0.0,0.0,26.167266845703126,27.14306640625,26.031524658203126,25.218429565429689,29.8817138671875,29.874343872070314,28.920028686523439,28.662078857421876,16.523406982421876,0.0,0.0,0.0,27.3096923828125,27.048309326171876,28.179885864257814,27.223007202148439,0.0,0.0,0.0,21.419677734375,25.169326782226564,25.328506469726564,26.986221313476564,25.97894287109375,26.192413330078126,25.918075561523439,0.0,0.0,0.0,0.0,0.0,0.0,0.0,0.0,0.0,0.0,0.0,0.0,0.0,0.0,0.0],"shoulderInternalRotationData":[5.736152648925781,6.6995086669921879,-6.1601409912109379,-5.2590179443359379,-4.60357666015625,-4.798133850097656,-1.7852325439453126,-1.9689865112304688,-2.905609130859375,-11.678230285644532,-14.607284545898438,-11.859161376953125,-11.969902038574219,-8.670196533203125,-8.738555908203125],"shoulderExternalRotationData":[-5.736152648925781,-6.6995086669921879,6.1601409912109379,5.2590179443359379,4.60357666015625,4.798133850097656,1.7852325439453126,1.9689865112304688,2.905609130859375,11.678230285644532,14.607284545898438,11.859161376953125,11.969902038574219,8.670196533203125,8.738555908203125],