{
    "wristFlexionData": [
        -10.682337760925293,
        -10.875287055969238,
        -10.427157402038574,
        -13.448288917541504,
        -54.24260711669922,
        -52.474769592285156,
        -27.47755241394043,
        41.13280487060547,
        60.70640182495117,
        43.135467529296875,
        -17.556163787841797,
        -52.7868537902832,
        -47.207489013671875,
        -18.64206314086914,
        39.14409637451172,
        56.347389221191406,
        32.698028564453125,
        -9.574357986450195,
        -7.428217887878418,
        -6.116869926452637,
        -6.293379783630371
    ],
    "wristExtensionData": [
        10.682337760925293,
        10.875287055969238,
        10.427157402038574,
        13.448288917541504,
        54.24260711669922,
        52.474769592285156,
        27.47755241394043,
        -41.13280487060547,
        -60.70640182495117,
        -43.135467529296875,
        17.556163787841797,
        52.7868537902832,
        47.207489013671875,
        18.64206314086914,
        -39.14409637451172,
        -56.347389221191406,
        -32.698028564453125,
        9.574357986450195,
        7.428217887878418,
        6.116869926452637,
        6.293379783630371
    ],
    "forearmPronationData": [
        0.0,
        0.0,
        0.0,
        0.0,
        0.0,
        0.0,
        0.0,
        0.0,
        0.0,
        0.0,
        0.0,
        0.0,
        0.0,
        0.0,
        0.0,
        0.0,
        0.0,
        0.0,
        0.0,
        0.0,
        0.0
    ],
    "forearmSupinationData": [
        0.0,
        0.0,
        0.0,
        0.0,
        0.0,
        0.0,
        0.0,
        0.0,
        0.0,
        0.0,
        0.0,
        0.0,
        0.0,
        0.0,
        0.0,
        0.0,
        0.0,
        0.0,
        0.0,
        0.0,
        0.0
    ],
    "forearmPronationSupinationQuatData": [],
    "elbowFlexionData": [
        33.32731628417969,
        32.53471374511719,
        32.49432373046875,
        33.0367431640625,
        37.72502136230469,
        39.48573303222656,
        38.042510986328125,
        35.80299377441406,
        34.281097412109375,
        34.69099426269531,
        34.59930419921875,
        34.525787353515625,
        37.724853515625,
        34.54022216796875,
        34.08439636230469,
        32.52818298339844,
        33.1949462890625,
        32.13594055175781,
        31.719619750976562,
        31.766036987304688,
        32.06587219238281
    ],
    "shoulderAbductionFlexionData": [
        19.98681640625,
        19.948482513427734,
        19.708276748657227,
        20.08730697631836,
        17.944849014282227,
        18.306257247924805,
        18.85565185546875,
        22.474666595458984,
        21.80425262451172,
        20.596010208129883,
        17.9639892578125,
        16.826126098632812,
        18.171850204467773,
        19.054964065551758,
        20.34781265258789,
        19.67458724975586,
        19.756954193115234,
        19.015396118164062,
        19.37584686279297,
        19.931255340576172,
        19.902755737304688
    ],
    "shoulderAbductionData": [
        0.0,
        0.0,
        0.0,
        0.0,
        0.0,
        0.0,
        0.0,
        0.0,
        0.0,
        0.0,
        0.0,
        0.0,
        0.0,
        0.0,
        0.0,
        0.0,
        0.0,
        0.0,
        0.0,
        0.0,
        0.0,
        0.0,
        0.0,
        0.0,
        0.0,
        0.0,
        0.0,
        0.0,
        0.0,
        0.0,
        0.0,
        0.0,
        0.0,
        0.0,
        0.0,
        0.0,
        0.0,
        0.0,
        0.0,
        0.0,
        0.0,
        0.0,
        0.0,
        0.0,
        0.0,
        0.0,
        0.0,
        0.0,
        0.0,
        0.0,
        0.0,
        0.0,
        0.0,
        0.0,
        0.0,
        0.0,
        0.0,
        0.0,
        0.0,
        0.0,
        0.0,
        0.0,
        0.0,
        0.0
    ],
    "shoulderInternalRotationData": [
        15.547929763793945,
        15.513444900512695,
        15.400467872619629,
        15.537311553955078,
        17.7423152923584,
        17.835206985473633,
        17.288822174072266,
        16.45790672302246,
        15.39283561706543,
        14.69107437133789,
        13.406378746032715,
        12.472095489501953,
        14.343423843383789,
        13.084419250488281,
        12.396788597106934,
        11.253304481506348,
        11.856706619262695,
        12.417034149169922,
        11.955025672912598,
        11.79620361328125,
        10.793684959411621
    ],
    "shoulderExternalRotationData": [
        -15.547929763793945,
        -15.513444900512695,
        -15.400467872619629,
        -15.537311553955078,
        -17.7423152923584,
        -17.835206985473633,
        -17.288822174072266,
        -16.45790672302246,
        -15.39283561706543,
        -14.69107437133789,
        -13.406378746032715,
        -12.472095489501953,
        -14.343423843383789,
        -13.084419250488281,
        -12.396788597106934,
        -11.253304481506348,
        -11.856706619262695,
        -12.417034149169922,
        -11.955025672912598,
        -11.79620361328125,
        -10.793684959411621
    ],
    "shoulderFlexionData": [
        17.716304779052734,
        17.30685043334961,
        17.263689041137695,
        14.729412078857422,
        14.015436172485352,
        15.581323623657227,
        18.16674041748047,
        20.90255355834961,
        19.739818572998047,
        19.55933380126953,
        19.069969177246094,
        17.82276153564453,
        19.122997283935547,
        20.375553131103516,
        21.48560905456543,
        22.397136688232422,
        21.907825469970703,
        20.708457946777344,
        21.244525909423828,
        19.820396423339844,
        18.763946533203125,
        19.35868263244629,
        19.562705993652344,
        15.564797401428223,
        16.093727111816406,
        16.601062774658203,
        15.550883293151855,
        15.061850547790527,
        16.283855438232422,
        19.00533676147461,
        22.051776885986328,
        21.958778381347656,
        21.054519653320312,
        17.341503143310547,
        18.285694122314453,
        18.451229095458984,
        18.873655319213867,
        19.990596771240234,
        19.498104095458984,
        19.623558044433594,
        18.401065826416016,
        18.25697898864746,
        17.30875015258789,
        19.98681640625,
        19.948482513427734,
        19.708276748657227,
        20.08730697631836,
        17.944849014282227,
        18.306257247924805,
        18.85565185546875,
        22.474666595458984,
        21.80425262451172,
        20.596010208129883,
        17.9639892578125,
        16.826126098632812,
        18.171850204467773,
        19.054964065551758,
        20.34781265258789,
        19.67458724975586,
        19.756954193115234,
        19.015396118164062,
        19.37584686279297,
        19.931255340576172,
        19.902755737304688
    ],
    "shoulderHorizontalAbductionData": [
        11.303215980529785,
        11.007680892944336,
        10.910297393798828,
        11.161474227905273,
        11.146449089050293,
        12.089170455932617,
        12.146135330200195,
        12.643434524536133,
        11.851082801818848,
        11.130653381347656,
        10.553926467895508,
        10.84292221069336,
        11.651345252990723,
        12.009944915771484,
        11.685361862182617,
        11.327840805053711,
        11.050884246826172,
        10.22765064239502,
        10.73463249206543,
        11.203279495239258,
        11.814804077148438
    ],