{"wristFlexionData":[-18.276687622070314,-17.9327392578125,-19.674041748046876,-42.71379089355469,-45.24009704589844,57.51545715332031,63.59239959716797,44.655914306640628,-1.98504638671875,-29.462417602539064,-40.66816711425781,-54.83495330810547,-55.46018981933594,59.2904052734375,63.02147674560547,32.17192077636719,-32.264434814453128,-43.40458679199219,-44.318817138671878,-39.48417663574219],"wristExtensionData":[18.276687622070314,17.9327392578125,19.674041748046876,42.71379089355469,45.24009704589844,-57.51545715332031,-63.59239959716797,-44.655914306640628,1.98504638671875,29.462417602539064,40.66816711425781,54.83495330810547,55.46018981933594,-59.2904052734375,-63.02147674560547,-32.17192077636719,32.264434814453128,43.40458679199219,44.318817138671878,39.48417663574219],"forearmPronationData":[183.77305603027345,183.7222900390625,184.3892364501953,210.68838500976563,176.58029174804688,133.8436737060547,102.9834213256836,107.5717544555664,167.69866943359376,202.98448181152345,210.01234436035157,209.21324157714845,149.88919067382813,114.27420806884766,93.07069396972656,111.21321868896485,201.46487426757813,210.35829162597657,193.8394317626953,204.30125427246095],"forearmSupinationData":[183.77305603027345,183.7222900390625,184.3892364501953,210.68838500976563,176.58029174804688,133.8436737060547,102.9834213256836,107.5717544555664,167.69866943359376,202.98448181152345,210.01234436035157,209.21324157714845,149.88919067382813,114.27420806884766,93.07069396972656,111.21321868896485,201.46487426757813,210.35829162597657,193.8394317626953,204.30125427246095],"forearmPronationSupinationQuatData":[],"elbowFlexionData":[155.61196899414063,155.00257873535157,153.6641387939453,151.8440704345703,157.6451416015625,155.4539337158203,155.2628631591797,149.50294494628907,155.4282684326172,143.05029296875,150.06361389160157,154.58065795898438,154.31654357910157,154.3742218017578,147.04782104492188,144.87081909179688,145.31094360351563,150.967529296875,153.12432861328126,149.98597717285157],"shoulderAbductionFlexionData":[20.269515991210939,19.74786376953125,19.890869140625,17.893096923828126,22.509628295898439,25.591873168945314,25.510955810546876,23.886398315429689,23.770370483398439,18.445266723632814,20.453781127929689,21.70294189453125,22.444442749023439,24.899459838867189,24.421524047851564,24.572906494140626,23.10931396484375,22.386856079101564,21.071029663085939,19.1314697265625],"shoulderAbductionData":[0.0,0.0,0.0,0.0,0.0,0.0,0.0,0.0,0.0,0.0,0.0,0.0,0.0,0.0,0.0,0.0,0.0,0.0,0.0,0.0,0.0,0.0,0.0,0.0,0.0,0.0,0.0,0.0,0.0,0.0,0.0,0.0,0.0,0.0,0.0,0.0,0.0,0.0,0.0,0.0,0.0,0.0,0.0,0.0,0.0,0.0,0.0,0.0,0.0,0.0,0.0,0.0,0.0,0.0,0.0,0.0,0.0,0.0,0.0,0.0,0.0,0.0,0.0,0.0,0.0,0.0,0.0,0.0,0.0,0.0,0.0,0.0,0.0,0.0,0.0,0.0,0.0,0.0,0.0,0.0,0.0,0.0,0.0,0.0,0.0,0.0,0.0,0.0,0.0,0.0,0.0,0.0,0.0,0.0,0.0,19.173171997070314,22.399093627929689,21.137451171875,20.957061767578126,20.22845458984375,18.646240234375,20.123611450195314,20.04815673828125,20.964096069335939,22.836410522460939,22.809951782226564,22.76898193359375,22.133407592773439,23.084381103515626,22.895553588867189,23.2371826171875,23.146759033203126,21.964569091796876,21.782119750976564,21.98785400390625,23.721588134765626,25.44464111328125,24.804275512695314,25.394561767578126,24.378890991210939,24.12164306640625,24.554458618164064,26.018539428710939,25.99444580078125,23.083786010742189,24.279571533203126,25.382659912109376,25.395904541015626,0.0,0.0,0.0,0.0,0.0,0.0,0.0,0.0,0.0,0.0,0.0,0.0,0.0,0.0,0.0,0.0,0.0,0.0,0.0,0.0,0.0,0.0,0.0,0.0,0.0,0.0,0.0,0.0,0.0,0.0,0.0,0.0,0.0,0.0,0.0,0.0,0.0,0.0,0.0,0.0,0.0,0.0,0.0,0.0,0.0,0.0,0.0,0.0],"shoulderInternalRotationData":[3.8400039672851564,3.851409912109375,5.505241394042969,4.0885772705078129,6.253532409667969,6.5637359619140629,5.9251708984375,8.388442993164063,8.334381103515625,8.622596740722657,7.038505554199219,8.753036499023438,7.692848205566406,4.883705139160156,6.991004943847656,10.053314208984375,13.912330627441407,10.304466247558594,8.451362609863282,8.994834899902344],"shoulderExternalRotationData":[-3.8400039672851564,-3.851409912109375,-5.505241394042969,-4.0885772705078129,-6.253532409667969,-6.5637359619140629,-5.9251708984375,-8.388442993164063,-8.334381103515625,-8.622596740722657,-7.038505554199219,-8.753036499023438,-7.692848205566406,-4.883705139160156,-6.991004943847656,-10.053314208984375,-13.912330627441407,-10.304466247558594,-8.451362609863282,-8.994834899902344],"shoulderFlexionData":[17.641189575195314,17.280349731445314,16.72119140625,13.335220336914063,14.987838745117188,15.920318603515625,21.0614013671875,19.941802978515626,19.406265258789064,19.876174926757814,17.8570556640625,18.4383544921875,19.614151000976564,21.358230590820314,21.322662353515626,22.1051025390625,21.766403198242189,20.76800537109375,20.729232788085939,18.862472534179689,18.860092163085939,19.551666259765626,19.936630249023439,15.605178833007813,16.375564575195314,16.769790649414064,14.25103759765625,15.849197387695313,16.740890502929689,22.200942993164064,20.930709838867189,21.76513671875,18.4854736328125,17.174468994140626,19.06378173828125,17.162628173828126,20.7720947265625,19.268692016601564,19.802749633789064,19.197402954101564,18.52862548828125,17.40020751953125,17.79486083984375,20.134414672851564,19.629776000976564,20.09466552734375,19.29791259765625,19.09832763671875,18.103240966796876,20.29022216796875,22.484603881835939,21.491912841796876,19.012664794921876,16.231781005859376,18.043304443359376,18.413238525390626,20.764251708984376,20.09521484375,19.523117065429689,19.2462158203125,19.356735229492189,19.36395263671875,20.046920776367189,19.69573974609375,23.434860229492189,23.400527954101564,23.376937866210939,23.027023315429689,23.265792846679689,24.052902221679689,23.742828369140626,23.113128662109376,21.902313232421876,22.735061645507814,22.66583251953125,23.814834594726564,24.3297119140625,24.159454345703126,23.67816162109375,22.855987548828126,22.6842041015625,23.939666748046876,22.72015380859375,24.929275512695314,22.863479614257814,23.4857177734375,23.356491088867189,23.61688232421875,22.638473510742189,20.251434326171876,19.806930541992189,19.117462158203126,19.083541870117189,17.307510375976564,18.446258544921876,19.173171997070314,22.399093627929689,21.137451171875,20.957061767578126,20.22845458984375,18.646240234375,20.123611450195314,20.04815673828125,20.964096069335939,22.836410522460939,22.809951782226564,22.76898193359375,22.133407592773439,23.084381103515626,22.895553588867189,23.2371826171875,23.146759033203126,21.964569091796876,21.782119750976564,21.98785400390625,23.721588134765626,25.44464111328125,24.804275512695314,25.394561767578126,24.378890991210939,24.12164306640625,24.554458618164064,26.018539428710939,25.99444580078125,23.083786010742189,24.279571533203126,25.382659912109376,25.395904541015626,21.752731323242189,22.774093627929689,21.374298095703126,21.69488525390625,21.8250732421875,20.47528076171875,20.824111938476564,23.28662109375,25.821456909179689,22.400711059570314,18.842605590820314,17.190826416015626,17.647186279296876,19.654617309570314,22.93597412109375,27.771820068359376,25.514602661132814,20.297943115234376,20.832962036132814,19.551727294921876,21.9520263671875,23.078277587890626,22.667221069335939,22.045059204101564,21.754623413085939,21.413803100585939,21.202255249023439,21.800582885742189,20.269515991210939,19.74786376953125,19.890869140625,17.893096923828126,22.509628295898439,25.591873168945314,25.510955810546876,23.886398315429689,23.770370483398439,18.445266723632814,20.453781127929689,21.70294189453125,22.444442749023439,24.899459838867189,24.421524047851564,24.572906494140626,23.10931396484375,22.386856079101564,21.071029663085939,19.1314697265625],