{"wristFlexionData":[29.054306030273439,29.507217407226564,29.030548095703126,-53.730674743652347,-52.096412658691409,-45.53086853027344,33.74385070800781,54.50617218017578,59.37013244628906,24.411773681640626,-58.263954162597659,-50.630279541015628,-39.61448669433594,27.338943481445314,53.46050262451172,63.348182678222659,43.60337829589844,-17.038360595703126,-13.569564819335938,-11.706314086914063],"wristExtensionData":[-29.054306030273439,-29.507217407226564,-29.030548095703126,53.730674743652347,52.096412658691409,45.53086853027344,-33.74385070800781,-54.50617218017578,-59.37013244628906,-24.411773681640626,58.263954162597659,50.630279541015628,39.61448669433594,-27.338943481445314,-53.46050262451172,-63.348182678222659,-43.60337829589844,17.038360595703126,13.569564819335938,11.706314086914063],"forearmPronationData":[148.80552673339845,148.859619140625,149.9842071533203,208.63722229003907,209.42771911621095,202.38624572753907,127.08647918701172,106.27872467041016,107.91686248779297,150.49049377441407,215.62738037109376,207.05519104003907,193.63124084472657,139.3022003173828,109.17857360839844,103.73973846435547,126.07083892822266,159.78602600097657,168.53857421875,165.3219451904297],"forearmSupinationData":[148.80552673339845,148.859619140625,149.9842071533203,208.63722229003907,209.42771911621095,202.38624572753907,127.08647918701172,106.27872467041016,107.91686248779297,150.49049377441407,215.62738037109376,207.05519104003907,193.63124084472657,139.3022003173828,109.17857360839844,103.73973846435547,126.07083892822266,159.78602600097657,168.53857421875,165.3219451904297],"forearmPronationSupinationQuatData":[],"elbowFlexionData":[154.02493286132813,153.5738067626953,153.89077758789063,150.73202514648438,153.4470977783203,153.86383056640626,160.0414581298828,157.6432647705078,154.16781616210938,150.28936767578126,153.5576629638672,153.05560302734376,153.48104858398438,154.59210205078126,154.50265502929688,147.93154907226563,146.94610595703126,152.17703247070313,150.66473388671876,151.77972412109376],"shoulderAbductionFlexionData":[15.605178833007813,16.375564575195314,16.769790649414064,14.25103759765625,15.849197387695313,16.740890502929689,22.200942993164064,20.930709838867189,21.76513671875,18.4854736328125,17.174468994140626,19.06378173828125,17.162628173828126,20.7720947265625,19.268692016601564,19.802749633789064,19.197402954101564,18.52862548828125,17.40020751953125,17.79486083984375],"shoulderAbductionData":[0.0,0.0,0.0,0.0,0.0,0.0,0.0,0.0,0.0,0.0,0.0,0.0,0.0,0.0,0.0,0.0,0.0,0.0,0.0,0.0,0.0,0.0,0.0,0.0,0.0,0.0,0.0,0.0,0.0,0.0,0.0,0.0,0.0,0.0,0.0,0.0,0.0,0.0,0.0,0.0,0.0,0.0,0.0],"shoulderInternalRotationData":[11.78692626953125,13.671615600585938,13.70452880859375,12.791412353515625,10.330886840820313,11.705802917480469,7.808326721191406,5.278533935546875,5.144020080566406,11.870429992675782,9.112052917480469,9.22979736328125,7.710060119628906,7.7025299072265629,5.825553894042969,11.586357116699219,11.843429565429688,11.546340942382813,10.038711547851563,9.763282775878907],"shoulderExternalRotationData":[-11.78692626953125,-13.671615600585938,-13.70452880859375,-12.791412353515625,-10.330886840820313,-11.705802917480469,-7.808326721191406,-5.278533935546875,-5.144020080566406,-11.870429992675782,-9.112052917480469,-9.22979736328125,-7.710060119628906,-7.7025299072265629,-5.825553894042969,-11.586357116699219,-11.843429565429688,-11.546340942382813,-10.038711547851563,-9.763282775878907],"shoulderFlexionData":[17.641189575195314,17.280349731445314,16.72119140625,13.335220336914063,14.987838745117188,15.920318603515625,21.0614013671875,19.941802978515626,19.406265258789064,19.876174926757814,17.8570556640625,18.4383544921875,19.614151000976564,21.358230590820314,21.322662353515626,22.1051025390625,21.766403198242189,20.76800537109375,20.729232788085939,18.862472534179689,18.860092163085939,19.551666259765626,19.936630249023439,15.605178833007813,16.375564575195314,16.769790649414064,14.25103759765625,15.849197387695313,16.740890502929689,22.200942993164064,20.930709838867189,21.76513671875,18.4854736328125,17.174468994140626,19.06378173828125,17.162628173828126,20.7720947265625,19.268692016601564,19.802749633789064,19.197402954101564,18.52862548828125,17.40020751953125,17.79486083984375],"shoulderHorizontalAbductionData":[3.91485595703125,4.178375244140625,4.218757629394531,3.8953857421875,4.9610748291015629,5.3718719482421879,6.831138610839844,7.626365661621094,7.944953918457031,7.29052734375,7.461883544921875,7.879615783691406,7.3434906005859379,8.093704223632813,8.358604431152344,8.830245971679688,8.602508544921875,8.335456848144532,8.644874572753907,8.501701354980469],"shoulderHorizontalAdductionData":[-3.91485595703125,-4.178375244140625,-4.218757629394531,-3.8953857421875,-4.9610748291015629,-5.3718719482421879,-6.831138610839844,-7.626365661621094,-7.944953918457031,-7.29052734375,-7.461883544921875,-7.879615783691406,-7.3434906005859379,-8.093704223632813,-8.358604431152344,-8.830245971679688,-8.602508544921875,-8.335456848144532,-8.644874572753907,-8.501701354980469],"trunkTiltData":[0.010911405086517334,0.012850195169448853,0.013751506805419922,0.01434183120727539,0.011372536420822144,0.01074323058128357,0.003590196371078491,0.0029104948043823244,0.0041806697845458988,0.002955138683319092,0.0030032992362976076,0.006822407245635986,0.012884378433227539,0.012784838676452637,0.0067612528800964359,0.009380877017974854,0.009711384773254395,0.011581122875213623,0.014515697956085205,0.017691761255264283],"thumbDistalLocationData":[],"thumbProximalLocationData":[],"thumbMetacarpalLocationData":[],"indexDistalLocationData":[],"indexProximalLocationData":[],"indexMetacarpalLocationData":[],"middleDistalLocationData":[],"middleProximalLocationData":[],"middleMetacarpalLocationData":[],"ringDistalLocationData":[],"ringProximalLocationData":[],"ringMetacarpalLocationData":[],"littleDistalLocationData":[],"littleProximalLocationData":[],"littleMetacarpalLocationData":[],"headLocationData":[],"wristLocationData":[],"armLowerLocationData":[],"armUpperLocationData":[]}