{"wristFlexionData":[-11.873794555664063,-11.552169799804688,-10.953842163085938,-11.416427612304688,15.369171142578125,24.183303833007814,22.396697998046876,17.457305908203126,14.31634521484375,-12.013504028320313,-13.73016357421875,15.737091064453125,36.47068786621094,-34.88459777832031,-32.90150451660156,26.786468505859376,12.061141967773438,-16.370925903320314,-24.190231323242189,-25.161285400390626,-20.518280029296876,-20.680068969726564,-16.104110717773439],"wristExtensionData":[11.873794555664063,11.552169799804688,10.953842163085938,11.416427612304688,-15.369171142578125,-24.183303833007814,-22.396697998046876,-17.457305908203126,-14.31634521484375,12.013504028320313,13.73016357421875,-15.737091064453125,-36.47068786621094,34.88459777832031,32.90150451660156,-26.786468505859376,-12.061141967773438,16.370925903320314,24.190231323242189,25.161285400390626,20.518280029296876,20.680068969726564,16.104110717773439],"forearmPronationData":[162.3415069580078,161.9253692626953,161.99053955078126,160.2188262939453,34.65205764770508,32.77449035644531,34.0616569519043,33.15570831298828,157.643310546875,158.0986328125,157.67630004882813,138.8763427734375,33.3803825378418,40.15839385986328,37.86629867553711,48.545223236083987,158.4352264404297,157.11570739746095,152.8407745361328,158.7984161376953,161.5825958251953,160.85499572753907,162.2830047607422],"forearmSupinationData":[162.3415069580078,161.9253692626953,161.99053955078126,160.2188262939453,34.65205764770508,32.77449035644531,34.0616569519043,33.15570831298828,157.643310546875,158.0986328125,157.67630004882813,138.8763427734375,33.3803825378418,40.15839385986328,37.86629867553711,48.545223236083987,158.4352264404297,157.11570739746095,152.8407745361328,158.7984161376953,161.5825958251953,160.85499572753907,162.2830047607422],"forearmPronationSupinationQuatData":[],"elbowFlexionData":[144.26461791992188,143.9756622314453,145.02084350585938,143.6417236328125,141.70477294921876,146.93553161621095,144.6786346435547,143.00643920898438,147.53231811523438,149.99392700195313,149.068359375,147.38092041015626,145.11463928222657,144.11671447753907,145.95477294921876,145.8916473388672,148.12339782714845,146.81121826171876,147.58456420898438,147.28671264648438,144.8351287841797,147.13900756835938,149.27923583984376],"shoulderAbductionFlexionData":[29.50628662109375,28.54742431640625,28.043228149414064,26.50579833984375,19.146987915039064,12.458450317382813,10.51214599609375,11.861907958984375,20.169525146484376,21.117279052734376,19.8975830078125,19.836746215820314,10.781356811523438,10.714584350585938,10.728424072265625,18.83905029296875,23.156158447265626,23.263809204101564,23.74481201171875,24.016921997070314,23.7232666015625,26.190017700195314,27.527557373046876],"shoulderAbductionData":[0.0,0.0,0.0,0.0,0.0,0.0,0.0,0.0,0.0,0.0,0.0,0.0,0.0,0.0,0.0,0.0,0.0,0.0,0.0,0.0,0.0,0.0,0.0,0.0,0.0,0.0,0.0,0.0,0.0,0.0,0.0,0.0,0.0,0.0,0.0,0.0,0.0,0.0,0.0,0.0,0.0,0.0,0.0,0.0,0.0,0.0,0.0,0.0,0.0,0.0,0.0,0.0,0.0,0.0,0.0,0.0,0.0,0.0,0.0,0.0,0.0,0.0,0.0,0.0,0.0,0.0,0.0,0.0,0.0,0.0,0.0,0.0,0.0,0.0,0.0,0.0,0.0,0.0,0.0,0.0,0.0,0.0,0.0,0.0,0.0,0.0,0.0,0.0,0.0,0.0,0.0,0.0,0.0,0.0,0.0,19.173171997070314,22.399093627929689,21.137451171875,20.957061767578126,20.22845458984375,18.646240234375,20.123611450195314,20.04815673828125,20.964096069335939,22.836410522460939,22.809951782226564,22.76898193359375,22.133407592773439,23.084381103515626,22.895553588867189,23.2371826171875,23.146759033203126,21.964569091796876,21.782119750976564,21.98785400390625,23.721588134765626,25.44464111328125,24.804275512695314,25.394561767578126,24.378890991210939,24.12164306640625,24.554458618164064,26.018539428710939,25.99444580078125,23.083786010742189,24.279571533203126,25.382659912109376,25.395904541015626,0.0,0.0,0.0,0.0,0.0,0.0,0.0,0.0,0.0,0.0,0.0,0.0,0.0,0.0,0.0,0.0,0.0,0.0,0.0,0.0,0.0,0.0,0.0,0.0,0.0,0.0,0.0,0.0,0.0,0.0,0.0,0.0,0.0,0.0,0.0,0.0,0.0,0.0,0.0,0.0,0.0,0.0,0.0,0.0,0.0,0.0,0.0,0.0,0.0,0.0,0.0,0.0,0.0,0.0,0.0,24.634994506835939,25.105316162109376,25.197860717773439,0.0,0.0,0.0,0.0,0.0,23.716262817382814,24.96728515625,0.0,24.70965576171875,23.987503051757814,0.0,0.0,0.0,0.0,0.0,0.0,0.0,0.0,0.0,0.0,0.0,0.0,0.0,0.0,0.0,0.0,0.0,0.0,0.0,0.0,0.0,0.0,0.0,0.0,0.0,0.0,0.0,0.0,0.0,0.0,0.0,0.0,0.0,0.0,0.0,0.0,0.0,0.0,0.0,0.0,0.0,0.0,0.0,0.0,0.0,0.0,0.0,0.0,0.0,0.0,0.0,0.0,0.0,0.0,0.0,0.0,0.0,0.0,0.0,0.0,0.0,0.0,0.0,0.0,0.0,0.0,0.0,0.0,23.253326416015626,22.784088134765626,0.0,21.313232421875,20.7799072265625,21.824066162109376,22.964691162109376,22.642227172851564,23.218368530273439,23.1895751953125,20.75103759765625,23.199737548828126,22.6285400390625,22.11968994140625,22.493499755859376,21.961318969726564,23.406417846679689,23.334915161132814,0.0,22.175888061523439,21.017257690429689,20.3665771484375,20.229690551757814,19.888458251953126,20.9185791015625,21.514068603515626,0.0,0.0,0.0,0.0,0.0,0.0,0.0,0.0,0.0,0.0,0.0,0.0,0.0,0.0,0.0,0.0,0.0,0.0,0.0,0.0,0.0,0.0,0.0,0.0,0.0,0.0,0.0,0.0,0.0,0.0,0.0,0.0,0.0,0.0,0.0,0.0,0.0,0.0,0.0,26.393630981445314,0.0,0.0,0.0,24.727279663085939,29.50628662109375,28.54742431640625,28.043228149414064,26.50579833984375,0.0,0.0,0.0,0.0,0.0,0.0,0.0,0.0,0.0,0.0,0.0,0.0,23.156158447265626,23.263809204101564,23.74481201171875,24.016921997070314,23.7232666015625,26.190017700195314,27.527557373046876],"shoulderInternalRotationData":[14.007133483886719,13.745071411132813,13.008140563964844,13.428665161132813,9.032638549804688,-5.586341857910156,-6.377738952636719,-0.6444015502929688,4.585700988769531,4.532402038574219,4.305908203125,3.9253005981445314,-8.719284057617188,-7.8306732177734379,-7.30023193359375,3.7177352905273439,6.730743408203125,6.859535217285156,8.770187377929688,7.579986572265625,7.306205749511719,9.022796630859375,8.443145751953125],"shoulderExternalRotationData":[-14.007133483886719,-13.745071411132813,-13.008140563964844,-13.428665161132813,-9.032638549804688,5.586341857910156,6.377738952636719,0.6444015502929688,-4.585700988769531,-4.532402038574219,-4.305908203125,-3.9253005981445314,8.719284057617188,7.8306732177734379,7.30023193359375,-3.7177352905273439,-6.730743408203125,-6.859535217285156,-8.770187377929688,-7.579986572265625,-7.306205749511719,-9.022796630859375,-8.443145751953125],