{"wristFlexionData":[32.211181640625,33.73272705078125,31.865463256835939,-48.69793701171875,-64.08454132080078,-54.665374755859378,35.394073486328128,39.64813232421875,52.08152770996094,46.75242614746094,-40.79316711425781,-63.543212890625,-41.207977294921878,37.6160888671875,50.68940734863281,67.04856872558594,61.42890930175781,-21.986419677734376,-25.428176879882814,-20.406356811523439,-22.619583129882814,-24.370285034179689,-25.374282836914064],"wristExtensionData":[-32.211181640625,-33.73272705078125,-31.865463256835939,48.69793701171875,64.08454132080078,54.665374755859378,-35.394073486328128,-39.64813232421875,-52.08152770996094,-46.75242614746094,40.79316711425781,63.543212890625,41.207977294921878,-37.6160888671875,-50.68940734863281,-67.04856872558594,-61.42890930175781,21.986419677734376,25.428176879882814,20.406356811523439,22.619583129882814,24.370285034179689,25.374282836914064],"forearmPronationData":[138.81887817382813,136.17201232910157,140.4931640625,188.69696044921876,207.7997589111328,194.81936645507813,131.8505401611328,124.23212432861328,129.02354431152345,127.8633041381836,192.3927764892578,218.01353454589845,191.22421264648438,127.77313232421875,128.21832275390626,96.81780242919922,103.66505432128906,155.25279235839845,170.6031494140625,165.58145141601563,161.18373107910157,161.7327423095703,160.17417907714845],"forearmSupinationData":[138.81887817382813,136.17201232910157,140.4931640625,188.69696044921876,207.7997589111328,194.81936645507813,131.8505401611328,124.23212432861328,129.02354431152345,127.8633041381836,192.3927764892578,218.01353454589845,191.22421264648438,127.77313232421875,128.21832275390626,96.81780242919922,103.66505432128906,155.25279235839845,170.6031494140625,165.58145141601563,161.18373107910157,161.7327423095703,160.17417907714845],"forearmPronationSupinationQuatData":[],"elbowFlexionData":[171.07652282714845,168.90762329101563,169.0688018798828,164.46217346191407,164.31332397460938,164.26206970214845,168.95855712890626,163.67889404296876,164.5957794189453,165.97189331054688,162.58543395996095,162.45709228515626,164.80589294433595,167.5257568359375,162.01617431640626,160.15455627441407,160.55906677246095,170.15377807617188,169.34341430664063,164.71388244628907,163.98284912109376,165.67544555664063,165.6099395751953],"shoulderAbductionFlexionData":[17.641189575195314,17.280349731445314,16.72119140625,13.335220336914063,14.987838745117188,15.920318603515625,21.0614013671875,19.941802978515626,19.406265258789064,19.876174926757814,17.8570556640625,18.4383544921875,19.614151000976564,21.358230590820314,21.322662353515626,22.1051025390625,21.766403198242189,20.76800537109375,20.729232788085939,18.862472534179689,18.860092163085939,19.551666259765626,19.936630249023439],"shoulderAbductionData":[0.0,0.0,0.0,0.0,0.0,0.0,0.0,0.0,0.0,0.0,0.0,0.0,0.0,0.0,0.0,0.0,0.0,0.0,0.0,0.0,0.0,0.0,0.0],"shoulderInternalRotationData":[3.7102813720703127,5.029182434082031,3.42791748046875,3.9512100219726564,2.3100814819335939,5.196723937988281,5.536125183105469,5.7419281005859379,7.8023681640625,3.9205169677734377,3.5506668090820314,3.4022979736328127,3.637542724609375,3.7208328247070314,5.093902587890625,0.4378509521484375,-0.27234649658203127,3.0226669311523439,2.0639801025390627,2.1559524536132814,3.1415023803710939,3.445281982421875,4.1473541259765629],"shoulderExternalRotationData":[-3.7102813720703127,-5.029182434082031,-3.42791748046875,-3.9512100219726564,-2.3100814819335939,-5.196723937988281,-5.536125183105469,-5.7419281005859379,-7.8023681640625,-3.9205169677734377,-3.5506668090820314,-3.4022979736328127,-3.637542724609375,-3.7208328247070314,-5.093902587890625,-0.4378509521484375,0.27234649658203127,-3.0226669311523439,-2.0639801025390627,-2.1559524536132814,-3.1415023803710939,-3.445281982421875,-4.1473541259765629],"shoulderFlexionData":[17.641189575195314,17.280349731445314,16.72119140625,13.335220336914063,14.987838745117188,15.920318603515625,21.0614013671875,19.941802978515626,19.406265258789064,19.876174926757814,17.8570556640625,18.4383544921875,19.614151000976564,21.358230590820314,21.322662353515626,22.1051025390625,21.766403198242189,20.76800537109375,20.729232788085939,18.862472534179689,18.860092163085939,19.551666259765626,19.936630249023439],"shoulderHorizontalAbductionData":[2.9300689697265627,3.513763427734375,3.3233489990234377,0.4309234619140625,0.6784515380859375,1.3394699096679688,2.41650390625,1.7709732055664063,1.227874755859375,1.4230728149414063,1.171630859375,3.3888015747070314,2.80328369140625,2.1127395629882814,2.03302001953125,3.0657196044921877,2.761505126953125,1.7061996459960938,2.88555908203125,3.0037612915039064,3.5488815307617189,3.5614242553710939,3.7166213989257814],"shoulderHorizontalAdductionData":[-2.9300689697265627,-3.513763427734375,-3.3233489990234377,-0.4309234619140625,-0.6784515380859375,-1.3394699096679688,-2.41650390625,-1.7709732055664063,-1.227874755859375,-1.4230728149414063,-1.171630859375,-3.3888015747070314,-2.80328369140625,-2.1127395629882814,-2.03302001953125,-3.0657196044921877,-2.761505126953125,-1.7061996459960938,-2.88555908203125,-3.0037612915039064,-3.5488815307617189,-3.5614242553710939,-3.7166213989257814],"trunkTiltData":[0.0014262199401855469,0.0008750855922698975,0.0008735060691833496,0.006496071815490723,0.011157304048538208,0.015185564756393433,0.015564322471618653,0.022669613361358644,0.0088290274143219,0.00359344482421875,0.011035710573196411,0.004084289073944092,0.005005300045013428,0.00655856728553772,0.009057998657226563,0.0027805566787719728,0.0036170482635498049,0.0003902614116668701,0.001252204179763794,0.002338916063308716,0.0001423358917236328,0.0026707053184509279,0.0017337799072265626],"thumbDistalLocationData":[],"thumbProximalLocationData":[],"thumbMetacarpalLocationData":[],"indexDistalLocationData":[],"indexProximalLocationData":[],"indexMetacarpalLocationData":[],"middleDistalLocationData":[],"middleProximalLocationData":[],"middleMetacarpalLocationData":[],"ringDistalLocationData":[],"ringProximalLocationData":[],"ringMetacarpalLocationData":[],"littleDistalLocationData":[],"littleProximalLocationData":[],"littleMetacarpalLocationData":[],"headLocationData":[],"wristLocationData":[],"armLowerLocationData":[],"armUpperLocationData":[]}