{"wristFlexionData":[-3.7922515869140627,-3.94879150390625,-3.936767578125,-4.299560546875,-24.038604736328126,-62.22901153564453,-56.53461456298828,-33.17564392089844,51.336212158203128,62.451255798339847,66.02986145019531,-13.06927490234375,-57.1400146484375,-52.05835723876953,12.388885498046875,83.66336059570313,71.19698333740235,45.60719299316406,-10.651870727539063,-9.0916748046875],"wristExtensionData":[3.7922515869140627,3.94879150390625,3.936767578125,4.299560546875,24.038604736328126,62.22901153564453,56.53461456298828,33.17564392089844,-51.336212158203128,-62.451255798339847,-66.02986145019531,13.06927490234375,57.1400146484375,52.05835723876953,-12.388885498046875,-83.66336059570313,-71.19698333740235,-45.60719299316406,10.651870727539063,9.0916748046875],"forearmPronationData":[162.53424072265626,162.70184326171876,162.97021484375,162.04556274414063,185.3891143798828,219.83522033691407,217.54812622070313,196.48609924316407,112.78756713867188,105.209716796875,105.82400512695313,172.20614624023438,220.3346405029297,215.57301330566407,161.39187622070313,86.170654296875,95.81015014648438,129.12832641601563,175.01470947265626,168.18527221679688],"forearmSupinationData":[162.53424072265626,162.70184326171876,162.97021484375,162.04556274414063,185.3891143798828,219.83522033691407,217.54812622070313,196.48609924316407,112.78756713867188,105.209716796875,105.82400512695313,172.20614624023438,220.3346405029297,215.57301330566407,161.39187622070313,86.170654296875,95.81015014648438,129.12832641601563,175.01470947265626,168.18527221679688],"forearmPronationSupinationQuatData":[],"elbowFlexionData":[39.452850341796878,39.92167663574219,39.869842529296878,39.87376403808594,41.08421325683594,42.804962158203128,45.105987548828128,43.20463562011719,41.23590087890625,43.491729736328128,45.765472412109378,45.46662902832031,45.008270263671878,46.37353515625,44.53623962402344,46.894561767578128,44.292816162109378,48.626739501953128,45.4757080078125,45.06134033203125],"shoulderAbductionFlexionData":[23.084381103515626,22.895553588867189,23.2371826171875,23.146759033203126,21.964569091796876,21.782119750976564,21.98785400390625,23.721588134765626,25.44464111328125,24.804275512695314,25.394561767578126,24.378890991210939,24.12164306640625,24.554458618164064,26.018539428710939,25.99444580078125,23.083786010742189,24.279571533203126,25.382659912109376,25.395904541015626],"shoulderAbductionData":[0.0,0.0,0.0,0.0,0.0,0.0,0.0,0.0,0.0,0.0,0.0,0.0,0.0,0.0,0.0,0.0,0.0,0.0,0.0,0.0,0.0,0.0,0.0,0.0,0.0,0.0,0.0,0.0,0.0,0.0,0.0,0.0,0.0,0.0,0.0,0.0,0.0,0.0,0.0,0.0,0.0,0.0,0.0,0.0,0.0,0.0,0.0,0.0,0.0,0.0,0.0,0.0,0.0,0.0,0.0,0.0,0.0,0.0,0.0,0.0,0.0,0.0,0.0,0.0,0.0,0.0,0.0,0.0,0.0,0.0,0.0,0.0,0.0,0.0,0.0,0.0,0.0,0.0,0.0,0.0,0.0,0.0,0.0,0.0,0.0,0.0,0.0,0.0,0.0,0.0,0.0,0.0,0.0,0.0,0.0,19.173171997070314,22.399093627929689,21.137451171875,20.957061767578126,20.22845458984375,18.646240234375,20.123611450195314,20.04815673828125,20.964096069335939,22.836410522460939,22.809951782226564,22.76898193359375,22.133407592773439,23.084381103515626,22.895553588867189,23.2371826171875,23.146759033203126,21.964569091796876,21.782119750976564,21.98785400390625,23.721588134765626,25.44464111328125,24.804275512695314,25.394561767578126,24.378890991210939,24.12164306640625,24.554458618164064,26.018539428710939,25.99444580078125,23.083786010742189,24.279571533203126,25.382659912109376,25.395904541015626],"shoulderInternalRotationData":[9.920082092285157,10.257820129394532,10.485382080078125,10.499801635742188,10.401954650878907,12.743003845214844,12.354911804199219,11.571159362792969,9.6051025390625,10.571479797363282,11.738677978515625,12.236747741699219,12.027450561523438,13.026268005371094,11.36090087890625,11.357551574707032,8.041763305664063,9.940582275390625,10.847427368164063,11.371955871582032],"shoulderExternalRotationData":[-9.920082092285157,-10.257820129394532,-10.485382080078125,-10.499801635742188,-10.401954650878907,-12.743003845214844,-12.354911804199219,-11.571159362792969,-9.6051025390625,-10.571479797363282,-11.738677978515625,-12.236747741699219,-12.027450561523438,-13.026268005371094,-11.36090087890625,-11.357551574707032,-8.041763305664063,-9.940582275390625,-10.847427368164063,-11.371955871582032],"shoulderFlexionData":[17.641189575195314,17.280349731445314,16.72119140625,13.335220336914063,14.987838745117188,15.920318603515625,21.0614013671875,19.941802978515626,19.406265258789064,19.876174926757814,17.8570556640625,18.4383544921875,19.614151000976564,21.358230590820314,21.322662353515626,22.1051025390625,21.766403198242189,20.76800537109375,20.729232788085939,18.862472534179689,18.860092163085939,19.551666259765626,19.936630249023439,15.605178833007813,16.375564575195314,16.769790649414064,14.25103759765625,15.849197387695313,16.740890502929689,22.200942993164064,20.930709838867189,21.76513671875,18.4854736328125,17.174468994140626,19.06378173828125,17.162628173828126,20.7720947265625,19.268692016601564,19.802749633789064,19.197402954101564,18.52862548828125,17.40020751953125,17.79486083984375,20.134414672851564,19.629776000976564,20.09466552734375,19.29791259765625,19.09832763671875,18.103240966796876,20.29022216796875,22.484603881835939,21.491912841796876,19.012664794921876,16.231781005859376,18.043304443359376,18.413238525390626,20.764251708984376,20.09521484375,19.523117065429689,19.2462158203125,19.356735229492189,19.36395263671875,20.046920776367189,19.69573974609375,23.434860229492189,23.400527954101564,23.376937866210939,23.027023315429689,23.265792846679689,24.052902221679689,23.742828369140626,23.113128662109376,21.902313232421876,22.735061645507814,22.66583251953125,23.814834594726564,24.3297119140625,24.159454345703126,23.67816162109375,22.855987548828126,22.6842041015625,23.939666748046876,22.72015380859375,24.929275512695314,22.863479614257814,23.4857177734375,23.356491088867189,23.61688232421875,22.638473510742189,20.251434326171876,19.806930541992189,19.117462158203126,19.083541870117189,17.307510375976564,18.446258544921876,19.173171997070314,22.399093627929689,21.137451171875,20.957061767578126,20.22845458984375,18.646240234375,20.123611450195314,20.04815673828125,20.964096069335939,22.836410522460939,22.809951782226564,22.76898193359375,22.133407592773439,23.084381103515626,22.895553588867189,23.2371826171875,23.146759033203126,21.964569091796876,21.782119750976564,21.98785400390625,23.721588134765626,25.44464111328125,24.804275512695314,25.394561767578126,24.378890991210939,24.12164306640625,24.554458618164064,26.018539428710939,25.99444580078125,23.083786010742189,24.279571533203126,25.382659912109376,25.395904541015626],"shoulderHorizontalAbductionData":[18.57434844970703,18.64220428466797,18.880386352539064,19.162368774414064,18.293678283691408,16.95227813720703,17.722373962402345,19.455787658691408,20.00896453857422,19.877838134765626,20.297607421875,20.58257293701172,19.52643585205078,20.12751007080078,21.084869384765626,20.56940460205078,19.513336181640626,20.41980743408203,21.553085327148439,21.190475463867189],"shoulderHorizontalAdductionData":[-18.57434844970703,-18.64220428466797,-18.880386352539064,-19.162368774414064,-18.293678283691408,-16.95227813720703,-17.722373962402345,-19.455787658691408,-20.00896453857422,-19.877838134765626,-20.297607421875,-20.58257293701172,-19.52643585205078,-20.12751007080078,-21.084869384765626,-20.56940460205078,-19.513336181640626,-20.41980743408203,-21.553085327148439,-21.190475463867189],"trunkTiltData":[0.027097195386886598,0.024653136730194093,0.024926483631134034,0.02450472116470337,0.02414572238922119,0.022945404052734376,0.025186002254486085,0.026330143213272096,0.027817368507385255,0.03376534581184387,0.029653400182724,0.0282038152217865,0.030246853828430177,0.029567569494247438,0.02972179651260376,0.03076109290122986,0.0324225127696991,0.030348122119903566,0.02968558669090271,0.02975824475288391],"thumbDistalLocationData":[],"thumbProximalLocationData":[],"thumbMetacarpalLocationData":[],