{"wristFlexionData":[7.4164886474609379,6.2474212646484379,8.72613525390625,31.605438232421876,34.104095458984378,-31.973388671875,-30.97698974609375,20.885116577148439,-10.256362915039063,-14.96533203125,14.661895751953125,28.343795776367189,34.3642578125,33.63652038574219,34.6588134765625,22.06591796875,18.698501586914064,21.011871337890626,21.897048950195314],"wristExtensionData":[-7.4164886474609379,-6.2474212646484379,-8.72613525390625,-31.605438232421876,-34.104095458984378,31.973388671875,30.97698974609375,-20.885116577148439,10.256362915039063,14.96533203125,-14.661895751953125,-28.343795776367189,-34.3642578125,-33.63652038574219,-34.6588134765625,-22.06591796875,-18.698501586914064,-21.011871337890626,-21.897048950195314],"forearmPronationData":[154.61087036132813,154.49664306640626,153.69970703125,40.8719482421875,35.36689758300781,37.87818908691406,36.332122802734378,110.611572265625,160.3907470703125,152.04959106445313,153.64990234375,72.97250366210938,33.47093200683594,37.38508605957031,36.234588623046878,91.37741088867188,157.48992919921876,151.75225830078126,152.94732666015626],"forearmSupinationData":[154.61087036132813,154.49664306640626,153.69970703125,40.8719482421875,35.36689758300781,37.87818908691406,36.332122802734378,110.611572265625,160.3907470703125,152.04959106445313,153.64990234375,72.97250366210938,33.47093200683594,37.38508605957031,36.234588623046878,91.37741088867188,157.48992919921876,151.75225830078126,152.94732666015626],"forearmPronationSupinationQuatData":[],"elbowFlexionData":[23.914520263671876,22.12689208984375,25.104537963867189,28.391632080078126,22.654281616210939,30.473037719726564,30.217117309570314,32.3056640625,31.19097900390625,32.09504699707031,34.034637451171878,34.98204040527344,33.81611633300781,34.062591552734378,32.10850524902344,34.639251708984378,36.103240966796878,38.033233642578128,37.798248291015628],"shoulderAbductionFlexionData":[27.01715087890625,26.76507568359375,26.09405517578125,22.4649658203125,20.227890014648439,17.272186279296876,18.496368408203126,22.41162109375,26.062088012695314,26.46484375,25.927780151367189,26.10186767578125,15.993804931640625,14.999435424804688,16.515426635742189,26.167266845703126,27.14306640625,26.031524658203126,25.218429565429689],"shoulderAbductionData":[0.0,0.0,0.0,0.0,0.0,0.0,0.0,0.0,0.0,0.0,0.0,0.0,0.0,0.0,0.0,0.0,0.0,0.0,0.0,0.0,0.0,0.0,0.0,0.0,0.0,0.0,0.0,0.0,0.0,0.0,0.0,0.0,0.0,0.0,0.0,0.0,0.0,0.0,0.0,0.0,0.0,0.0,0.0,0.0,0.0,0.0,0.0,0.0,0.0,0.0,0.0,0.0,0.0,0.0,0.0,0.0,0.0,0.0,0.0,0.0,0.0,0.0,0.0,0.0,0.0,0.0,0.0,0.0,0.0,0.0,0.0,0.0,0.0,0.0,0.0,0.0,0.0,0.0,0.0,0.0,0.0,0.0,0.0,0.0,0.0,0.0,0.0,0.0,0.0,0.0,0.0,0.0,0.0,0.0,0.0,19.173171997070314,22.399093627929689,21.137451171875,20.957061767578126,20.22845458984375,18.646240234375,20.123611450195314,20.04815673828125,20.964096069335939,22.836410522460939,22.809951782226564,22.76898193359375,22.133407592773439,23.084381103515626,22.895553588867189,23.2371826171875,23.146759033203126,21.964569091796876,21.782119750976564,21.98785400390625,23.721588134765626,25.44464111328125,24.804275512695314,25.394561767578126,24.378890991210939,24.12164306640625,24.554458618164064,26.018539428710939,25.99444580078125,23.083786010742189,24.279571533203126,25.382659912109376,25.395904541015626,0.0,0.0,0.0,0.0,0.0,0.0,0.0,0.0,0.0,0.0,0.0,0.0,0.0,0.0,0.0,0.0,0.0,0.0,0.0,0.0,0.0,0.0,0.0,0.0,0.0,0.0,0.0,0.0,0.0,0.0,0.0,0.0,0.0,0.0,0.0,0.0,0.0,0.0,0.0,0.0,0.0,0.0,0.0,0.0,0.0,0.0,0.0,0.0,0.0,0.0,0.0,0.0,0.0,0.0,0.0,24.634994506835939,25.105316162109376,25.197860717773439,0.0,0.0,0.0,0.0,0.0,23.716262817382814,24.96728515625,0.0,24.70965576171875,23.987503051757814,0.0,0.0,0.0,0.0,0.0,0.0,0.0,0.0,0.0,0.0,0.0,0.0,0.0,0.0,0.0,0.0,0.0,0.0,0.0,0.0,0.0,0.0,0.0,0.0,0.0,0.0,0.0,0.0,0.0,0.0,0.0,0.0,0.0,0.0,0.0,0.0,0.0,0.0,0.0,0.0,0.0,0.0,0.0,0.0,0.0,0.0,0.0,0.0,0.0,0.0,0.0,0.0,0.0,0.0,0.0,0.0,0.0,0.0,0.0,0.0,0.0,0.0,0.0,0.0,0.0,0.0,0.0,0.0,23.253326416015626,22.784088134765626,0.0,21.313232421875,20.7799072265625,21.824066162109376,22.964691162109376,22.642227172851564,23.218368530273439,23.1895751953125,20.75103759765625,23.199737548828126,22.6285400390625,22.11968994140625,22.493499755859376,21.961318969726564,23.406417846679689,23.334915161132814,0.0,22.175888061523439,21.017257690429689,20.3665771484375,20.229690551757814,19.888458251953126,20.9185791015625,21.514068603515626,0.0,0.0,0.0,0.0,0.0,0.0,0.0,0.0,0.0,0.0,0.0,0.0,0.0,0.0,0.0,0.0,0.0,0.0,0.0,0.0,0.0,0.0,0.0,0.0,0.0,0.0,0.0,0.0,0.0,0.0,0.0,0.0,0.0,0.0,0.0,0.0,0.0,0.0,0.0,26.393630981445314,0.0,0.0,0.0,24.727279663085939,29.50628662109375,28.54742431640625,28.043228149414064,26.50579833984375,0.0,0.0,0.0,0.0,0.0,0.0,0.0,0.0,0.0,0.0,0.0,0.0,23.156158447265626,23.263809204101564,23.74481201171875,24.016921997070314,23.7232666015625,26.190017700195314,27.527557373046876,0.0,0.0,0.0,0.0,0.0,0.0,0.0,0.0,0.0,0.0,0.0,0.0,0.0,0.0,0.0,0.0,0.0,0.0,0.0,0.0,0.0,0.0,0.0,0.0,27.01715087890625,26.76507568359375,26.09405517578125,0.0,0.0,0.0,0.0,0.0,26.062088012695314,26.46484375,25.927780151367189,26.10186767578125,0.0,0.0,0.0,26.167266845703126,27.14306640625,26.031524658203126,25.218429565429689],"shoulderInternalRotationData":[-0.363983154296875,-1.1017379760742188,0.2089691162109375,-2.1458282470703127,-11.209442138671875,-10.266738891601563,-10.663658142089844,2.2434005737304689,5.059669494628906,5.118431091308594,6.140380859375,5.151252746582031,-7.871437072753906,-7.960380554199219,-6.47857666015625,6.552070617675781,11.258575439453125,13.228286743164063,12.413284301757813],"shoulderExternalRotationData":[0.363983154296875,1.1017379760742188,-0.2089691162109375,2.1458282470703127,11.209442138671875,10.266738891601563,10.663658142089844,-2.2434005737304689,-5.059669494628906,-5.118431091308594,-6.140380859375,-5.151252746582031,7.871437072753906,7.960380554199219,6.47857666015625,-6.552070617675781,-11.258575439453125,-13.228286743164063,-12.413284301757813],