{"wristFlexionData":[28.33935546875,27.894485473632814,27.839187622070314,26.563796997070314,30.30499267578125,32.3934326171875,30.859710693359376,-24.7423095703125,-54.97827911376953,-66.80377197265625,-63.58546447753906,-28.46612548828125,62.03480529785156,62.45103454589844,59.28730773925781,25.711883544921876,-66.06249237060547,-62.82469940185547,-57.906883239746097,35.07896423339844,66.45793914794922,63.95646667480469,32.39707946777344,-15.883377075195313,-16.143844604492189],"wristExtensionData":[-28.33935546875,-27.894485473632814,-27.839187622070314,-26.563796997070314,-30.30499267578125,-32.3934326171875,-30.859710693359376,24.7423095703125,54.97827911376953,66.80377197265625,63.58546447753906,28.46612548828125,-62.03480529785156,-62.45103454589844,-59.28730773925781,-25.711883544921876,66.06249237060547,62.82469940185547,57.906883239746097,-35.07896423339844,-66.45793914794922,-63.95646667480469,-32.39707946777344,15.883377075195313,16.143844604492189],"forearmPronationData":[136.34405517578126,136.75271606445313,136.11895751953126,137.01528930664063,138.9970703125,136.116943359375,134.74322509765626,149.52197265625,201.39833068847657,214.19287109375,210.9409942626953,171.41021728515626,109.90625,106.58087158203125,108.56103515625,154.57696533203126,220.96331787109376,215.07232666015626,210.25860595703126,125.88946533203125,100.8233642578125,103.40277099609375,135.82217407226563,155.3994140625,156.47500610351563],"forearmSupinationData":[136.34405517578126,136.75271606445313,136.11895751953126,137.01528930664063,138.9970703125,136.116943359375,134.74322509765626,149.52197265625,201.39833068847657,214.19287109375,210.9409942626953,171.41021728515626,109.90625,106.58087158203125,108.56103515625,154.57696533203126,220.96331787109376,215.07232666015626,210.25860595703126,125.88946533203125,100.8233642578125,103.40277099609375,135.82217407226563,155.3994140625,156.47500610351563],"forearmPronationSupinationQuatData":[],"elbowFlexionData":[12.798141479492188,12.72796630859375,11.777297973632813,10.5811767578125,11.399612426757813,13.980072021484375,14.542510986328125,14.711883544921875,14.323196411132813,14.147201538085938,14.384765625,13.943557739257813,17.211624145507814,17.824066162109376,19.564788818359376,22.4158935546875,20.225296020507814,19.761444091796876,18.358734130859376,13.734085083007813,20.352828979492189,20.231033325195314,20.87451171875,14.725555419921875,15.308807373046875],"shoulderAbductionFlexionData":[23.434860229492189,23.400527954101564,23.376937866210939,23.027023315429689,23.265792846679689,24.052902221679689,23.742828369140626,23.113128662109376,21.902313232421876,22.735061645507814,22.66583251953125,23.814834594726564,24.3297119140625,24.159454345703126,23.67816162109375,22.855987548828126,22.6842041015625,23.939666748046876,22.72015380859375,24.929275512695314,22.863479614257814,23.4857177734375,23.356491088867189,23.61688232421875,22.638473510742189],"shoulderAbductionData":[0.0,0.0,0.0,0.0,0.0,0.0,0.0,0.0,0.0,0.0,0.0,0.0,0.0,0.0,0.0,0.0,0.0,0.0,0.0,0.0,0.0,0.0,0.0,0.0,0.0,0.0,0.0,0.0,0.0,0.0,0.0,0.0,0.0,0.0,0.0,0.0,0.0,0.0,0.0,0.0,0.0,0.0,0.0,0.0,0.0,0.0,0.0,0.0,0.0,0.0,0.0,0.0,0.0,0.0,0.0,0.0,0.0,0.0,0.0,0.0,0.0,0.0,0.0,0.0,0.0,0.0,0.0,0.0,0.0,0.0,0.0,0.0,0.0,0.0,0.0,0.0,0.0,0.0,0.0,0.0,0.0,0.0,0.0,0.0,0.0,0.0,0.0,0.0,0.0],"shoulderInternalRotationData":[5.7175750732421879,5.854820251464844,5.4717254638671879,3.8912200927734377,2.8595123291015627,3.462738037109375,3.4154586791992189,2.4750747680664064,1.6668548583984376,1.9802627563476563,1.6935348510742188,2.0771560668945314,3.091339111328125,2.2571334838867189,3.0710067749023439,2.5636444091796877,2.2646255493164064,3.2598800659179689,3.5442581176757814,2.1242294311523439,3.5695114135742189,3.4154739379882814,2.343292236328125,0.351531982421875,0.2559051513671875],"shoulderExternalRotationData":[-5.7175750732421879,-5.854820251464844,-5.4717254638671879,-3.8912200927734377,-2.8595123291015627,-3.462738037109375,-3.4154586791992189,-2.4750747680664064,-1.6668548583984376,-1.9802627563476563,-1.6935348510742188,-2.0771560668945314,-3.091339111328125,-2.2571334838867189,-3.0710067749023439,-2.5636444091796877,-2.2646255493164064,-3.2598800659179689,-3.5442581176757814,-2.1242294311523439,-3.5695114135742189,-3.4154739379882814,-2.343292236328125,-0.351531982421875,-0.2559051513671875],"shoulderFlexionData":[17.641189575195314,17.280349731445314,16.72119140625,13.335220336914063,14.987838745117188,15.920318603515625,21.0614013671875,19.941802978515626,19.406265258789064,19.876174926757814,17.8570556640625,18.4383544921875,19.614151000976564,21.358230590820314,21.322662353515626,22.1051025390625,21.766403198242189,20.76800537109375,20.729232788085939,18.862472534179689,18.860092163085939,19.551666259765626,19.936630249023439,15.605178833007813,16.375564575195314,16.769790649414064,14.25103759765625,15.849197387695313,16.740890502929689,22.200942993164064,20.930709838867189,21.76513671875,18.4854736328125,17.174468994140626,19.06378173828125,17.162628173828126,20.7720947265625,19.268692016601564,19.802749633789064,19.197402954101564,18.52862548828125,17.40020751953125,17.79486083984375,20.134414672851564,19.629776000976564,20.09466552734375,19.29791259765625,19.09832763671875,18.103240966796876,20.29022216796875,22.484603881835939,21.491912841796876,19.012664794921876,16.231781005859376,18.043304443359376,18.413238525390626,20.764251708984376,20.09521484375,19.523117065429689,19.2462158203125,19.356735229492189,19.36395263671875,20.046920776367189,19.69573974609375,23.434860229492189,23.400527954101564,23.376937866210939,23.027023315429689,23.265792846679689,24.052902221679689,23.742828369140626,23.113128662109376,21.902313232421876,22.735061645507814,22.66583251953125,23.814834594726564,24.3297119140625,24.159454345703126,23.67816162109375,22.855987548828126,22.6842041015625,23.939666748046876,22.72015380859375,24.929275512695314,22.863479614257814,23.4857177734375,23.356491088867189,23.61688232421875,22.638473510742189],"shoulderHorizontalAbductionData":[3.5250320434570314,2.9483108520507814,2.5522842407226564,2.618560791015625,3.5989837646484377,6.6400909423828129,6.745033264160156,6.506782531738281,5.6951446533203129,6.608772277832031,7.627655029296875,9.136703491210938,9.939750671386719,9.487876892089844,9.891914367675782,10.225227355957032,10.052253723144532,10.175819396972657,9.92205810546875,10.229568481445313,10.587722778320313,10.653282165527344,10.318038940429688,10.131721496582032,10.8685302734375],"shoulderHorizontalAdductionData":[-3.5250320434570314,-2.9483108520507814,-2.5522842407226564,-2.618560791015625,-3.5989837646484377,-6.6400909423828129,-6.745033264160156,-6.506782531738281,-5.6951446533203129,-6.608772277832031,-7.627655029296875,-9.136703491210938,-9.939750671386719,-9.487876892089844,-9.891914367675782,-10.225227355957032,-10.052253723144532,-10.175819396972657,-9.92205810546875,-10.229568481445313,-10.587722778320313,-10.653282165527344,-10.318038940429688,-10.131721496582032,-10.8685302734375],"trunkTiltData":[0.03419846296310425,0.03449594974517822,0.03467702865600586,0.03939703106880188,0.039847731590270999,0.03889879584312439,0.033792316913604739,0.03256520628929138,0.03308671712875366,0.02672770619392395,0.027955323457717897,0.027364343404769899,0.03313708305358887,0.03149193525314331,0.030251681804656984,0.03098738193511963,0.03240060806274414,0.031215906143188478,0.02917712926864624,0.028575003147125245,0.02755647897720337,0.0273418128490448,0.03331315517425537,0.03305819630622864,0.0332455039024353],"thumbDistalLocationData":[],"thumbProximalLocationData":[],"thumbMetacarpalLocationData":[],"indexDistalLocationData":[],"indexProximalLocationData":[],"indexMetacarpalLocationData":[],"middleDistalLocationData":[],"middleProximalLocationData":[],"middleMetacarpalLocationData":[],"ringDistalLocationData":[],"ringProximalLocationData":[],"ringMetacarpalLocationData":[],"littleDistalLocationData":[],"littleProximalLocationData":[],