{"wristFlexionData":[12.073760986328125,11.622482299804688,10.620681762695313,8.699371337890625,23.58154296875,-31.702056884765626,-30.674285888671876,-27.751846313476564,-24.239288330078126,22.250656127929689,24.914505004882814,21.194595336914064,29.618408203125,-32.17219543457031,-30.312393188476564,-20.280120849609376,20.592529296875,21.314254760742189,24.783538818359376,24.134979248046876,20.467681884765626,18.766586303710939],"wristExtensionData":[-12.073760986328125,-11.622482299804688,-10.620681762695313,-8.699371337890625,-23.58154296875,31.702056884765626,30.674285888671876,27.751846313476564,24.239288330078126,-22.250656127929689,-24.914505004882814,-21.194595336914064,-29.618408203125,32.17219543457031,30.312393188476564,20.280120849609376,-20.592529296875,-21.314254760742189,-24.783538818359376,-24.134979248046876,-20.467681884765626,-18.766586303710939],"forearmPronationData":[157.5770263671875,157.72201538085938,157.61376953125,157.05111694335938,31.900543212890626,32.32554626464844,31.4013671875,31.646926879882814,152.25567626953126,146.18392944335938,145.34881591796876,141.8896484375,29.515945434570314,38.338226318359378,38.4764404296875,66.39070129394531,159.490478515625,146.38931274414063,144.0325927734375,145.09341430664063,148.11294555664063,147.55209350585938],"forearmSupinationData":[157.5770263671875,157.72201538085938,157.61376953125,157.05111694335938,31.900543212890626,32.32554626464844,31.4013671875,31.646926879882814,152.25567626953126,146.18392944335938,145.34881591796876,141.8896484375,29.515945434570314,38.338226318359378,38.4764404296875,66.39070129394531,159.490478515625,146.38931274414063,144.0325927734375,145.09341430664063,148.11294555664063,147.55209350585938],"forearmPronationSupinationQuatData":[],"elbowFlexionData":[48.65631103515625,48.3541259765625,48.18296813964844,49.422027587890628,55.51530456542969,54.8385009765625,55.17234802246094,55.544837951660159,58.282997131347659,51.80021667480469,48.935333251953128,49.59373474121094,51.42008972167969,51.636322021484378,50.2156982421875,49.927703857421878,51.70042419433594,49.61817932128906,49.03289794921875,48.38287353515625,48.3787841796875,46.550506591796878],"shoulderAbductionFlexionData":[29.8817138671875,29.874343872070314,28.920028686523439,28.662078857421876,16.523406982421876,1.964324951171875,2.2083282470703127,7.1768951416015629,27.3096923828125,27.048309326171876,28.179885864257814,27.223007202148439,9.475875854492188,4.1234130859375,3.6797637939453127,21.419677734375,25.169326782226564,25.328506469726564,26.986221313476564,25.97894287109375,26.192413330078126,25.918075561523439],"shoulderAbductionData":[0.0,0.0,0.0,0.0,0.0,0.0,0.0,0.0,0.0,0.0,0.0,0.0,0.0,0.0,0.0,0.0,0.0,0.0,0.0,0.0,0.0,0.0,0.0,0.0,0.0,0.0,0.0,0.0,0.0,0.0,0.0,0.0,0.0,0.0,0.0,0.0,0.0,0.0,0.0,0.0,0.0,0.0,0.0,0.0,0.0,0.0,0.0,0.0,0.0,0.0,0.0,0.0,0.0,0.0,0.0,0.0,0.0,0.0,0.0,0.0,0.0,0.0,0.0,0.0,0.0,0.0,0.0,0.0,0.0,0.0,0.0,0.0,0.0,0.0,0.0,0.0,0.0,0.0,0.0,0.0,0.0,0.0,0.0,0.0,0.0,0.0,0.0,0.0,0.0,0.0,0.0,0.0,0.0,0.0,0.0,19.173171997070314,22.399093627929689,21.137451171875,20.957061767578126,20.22845458984375,18.646240234375,20.123611450195314,20.04815673828125,20.964096069335939,22.836410522460939,22.809951782226564,22.76898193359375,22.133407592773439,23.084381103515626,22.895553588867189,23.2371826171875,23.146759033203126,21.964569091796876,21.782119750976564,21.98785400390625,23.721588134765626,25.44464111328125,24.804275512695314,25.394561767578126,24.378890991210939,24.12164306640625,24.554458618164064,26.018539428710939,25.99444580078125,23.083786010742189,24.279571533203126,25.382659912109376,25.395904541015626,0.0,0.0,0.0,0.0,0.0,0.0,0.0,0.0,0.0,0.0,0.0,0.0,0.0,0.0,0.0,0.0,0.0,0.0,0.0,0.0,0.0,0.0,0.0,0.0,0.0,0.0,0.0,0.0,0.0,0.0,0.0,0.0,0.0,0.0,0.0,0.0,0.0,0.0,0.0,0.0,0.0,0.0,0.0,0.0,0.0,0.0,0.0,0.0,0.0,0.0,0.0,0.0,0.0,0.0,0.0,24.634994506835939,25.105316162109376,25.197860717773439,0.0,0.0,0.0,0.0,0.0,23.716262817382814,24.96728515625,0.0,24.70965576171875,23.987503051757814,0.0,0.0,0.0,0.0,0.0,0.0,0.0,0.0,0.0,0.0,0.0,0.0,0.0,0.0,0.0,0.0,0.0,0.0,0.0,0.0,0.0,0.0,0.0,0.0,0.0,0.0,0.0,0.0,0.0,0.0,0.0,0.0,0.0,0.0,0.0,0.0,0.0,0.0,0.0,0.0,0.0,0.0,0.0,0.0,0.0,0.0,0.0,0.0,0.0,0.0,0.0,0.0,0.0,0.0,0.0,0.0,0.0,0.0,0.0,0.0,0.0,0.0,0.0,0.0,0.0,0.0,0.0,0.0,23.253326416015626,22.784088134765626,0.0,21.313232421875,20.7799072265625,21.824066162109376,22.964691162109376,22.642227172851564,23.218368530273439,23.1895751953125,20.75103759765625,23.199737548828126,22.6285400390625,22.11968994140625,22.493499755859376,21.961318969726564,23.406417846679689,23.334915161132814,0.0,22.175888061523439,21.017257690429689,20.3665771484375,20.229690551757814,19.888458251953126,20.9185791015625,21.514068603515626,0.0,0.0,0.0,0.0,0.0,0.0,0.0,0.0,0.0,0.0,0.0,0.0,0.0,0.0,0.0,0.0,0.0,0.0,0.0,0.0,0.0,0.0,0.0,0.0,0.0,0.0,0.0,0.0,0.0,0.0,0.0,0.0,0.0,0.0,0.0,0.0,0.0,0.0,0.0,26.393630981445314,0.0,0.0,0.0,24.727279663085939,29.50628662109375,28.54742431640625,28.043228149414064,26.50579833984375,0.0,0.0,0.0,0.0,0.0,0.0,0.0,0.0,0.0,0.0,0.0,0.0,23.156158447265626,23.263809204101564,23.74481201171875,24.016921997070314,23.7232666015625,26.190017700195314,27.527557373046876,0.0,0.0,0.0,0.0,0.0,0.0,0.0,0.0,0.0,0.0,0.0,0.0,0.0,0.0,0.0,0.0,0.0,0.0,0.0,0.0,0.0,0.0,0.0,0.0,27.01715087890625,26.76507568359375,26.09405517578125,0.0,0.0,0.0,0.0,0.0,26.062088012695314,26.46484375,25.927780151367189,26.10186767578125,0.0,0.0,0.0,26.167266845703126,27.14306640625,26.031524658203126,25.218429565429689,29.8817138671875,29.874343872070314,28.920028686523439,28.662078857421876,16.523406982421876,0.0,0.0,0.0,27.3096923828125,27.048309326171876,28.179885864257814,27.223007202148439,0.0,0.0,0.0,21.419677734375,25.169326782226564,25.328506469726564,26.986221313476564,25.97894287109375,26.192413330078126,25.918075561523439],"shoulderInternalRotationData":[19.73023223876953,19.460105895996095,19.039321899414064,20.276268005371095,13.069168090820313,-0.12380218505859375,0.5642242431640625,5.569664001464844,24.758316040039064,22.409194946289064,21.511611938476564,19.914077758789064,3.3265151977539064,-0.9664306640625,-0.1388702392578125,16.176048278808595,20.803321838378908,20.900192260742189,21.183273315429689,20.334609985351564,20.426773071289064,20.02887725830078],"shoulderExternalRotationData":[-19.73023223876953,-19.460105895996095,-19.039321899414064,-20.276268005371095,-13.069168090820313,0.12380218505859375,-0.5642242431640625,-5.569664001464844,-24.758316040039064,-22.409194946289064,-21.511611938476564,-19.914077758789064,-3.3265151977539064,0.9664306640625,0.1388702392578125,-16.176048278808595,-20.803321838378908,-20.900192260742189,-21.183273315429689,-20.334609985351564,-20.426773071289064,-20.02887725830078],