{
    "wristFlexionData": [
        -12.790738105773926,
        -13.283885955810547,
        -13.856093406677246,
        -13.40311050415039,
        -40.54039764404297,
        -58.796329498291016,
        -63.73713302612305,
        -13.830230712890625,
        49.540557861328125,
        5.222814559936523,
        -28.791671752929688,
        -46.802734375,
        -49.13848876953125,
        -50.43567657470703,
        -54.187400817871094,
        31.079275131225586,
        58.10978317260742,
        36.1472282409668,
        -15.69493293762207,
        -42.60821533203125,
        -53.245384216308594,
        -53.89591598510742
    ],
    "wristExtensionData": [
        12.790738105773926,
        13.283885955810547,
        13.856093406677246,
        13.40311050415039,
        40.54039764404297,
        58.796329498291016,
        63.73713302612305,
        13.830230712890625,
        -49.540557861328125,
        -5.222814559936523,
        28.791671752929688,
        46.802734375,
        49.13848876953125,
        50.43567657470703,
        54.187400817871094,
        -31.079275131225586,
        -58.10978317260742,
        -36.1472282409668,
        15.69493293762207,
        42.60821533203125,
        53.245384216308594,
        53.89591598510742
    ],
    "forearmPronationData": [
        0.0,
        0.0,
        0.0,
        0.0,
        0.0,
        0.0,
        0.0,
        0.0,
        0.0,
        0.0,
        0.0,
        0.0,
        0.0,
        0.0,
        0.0,
        0.0,
        0.0,
        0.0,
        0.0,
        0.0,
        0.0,
        0.0
    ],
    "forearmSupinationData": [
        0.0,
        0.0,
        0.0,
        0.0,
        0.0,
        0.0,
        0.0,
        0.0,
        0.0,
        0.0,
        0.0,
        0.0,
        0.0,
        0.0,
        0.0,
        0.0,
        0.0,
        0.0,
        0.0,
        0.0,
        0.0,
        0.0
    ],
    "forearmPronationSupinationQuatData": [],
    "elbowFlexionData": [
        15.028260231018066,
        14.496506690979004,
        13.379961967468262,
        15.075119018554688,
        23.12135887145996,
        21.463245391845703,
        14.249709129333496,
        15.076237678527832,
        22.65791130065918,
        23.38048553466797,
        25.69405174255371,
        24.70853042602539,
        23.25912094116211,
        18.7324275970459,
        12.450675010681152,
        14.650930404663086,
        22.48224639892578,
        23.615158081054688,
        27.578739166259766,
        24.813377380371094,
        19.840627670288086,
        18.948013305664062
    ],
    "shoulderAbductionFlexionData": [
        20.80553436279297,
        21.359718322753906,
        21.50255012512207,
        20.630088806152344,
        20.74527359008789,
        21.987659454345703,
        24.596420288085938,
        25.342124938964844,
        21.513442993164062,
        22.040287017822266,
        21.522356033325195,
        21.946313858032227,
        21.463542938232422,
        24.750469207763672,
        25.483829498291016,
        26.040157318115234,
        23.04802131652832,
        22.766695022583008,
        22.470008850097656,
        22.338623046875,
        23.677127838134766,
        23.87059211730957
    ],
    "shoulderAbductionData": [
        0.0,
        0.0,
        0.0,
        0.0,
        0.0,
        0.0,
        0.0,
        0.0,
        0.0,
        0.0,
        0.0,
        0.0,
        0.0,
        0.0,
        0.0,
        0.0,
        0.0,
        0.0,
        0.0,
        0.0,
        0.0,
        0.0,
        0.0,
        0.0,
        0.0,
        0.0,
        0.0,
        0.0,
        0.0,
        0.0,
        0.0,
        0.0,
        0.0,
        0.0,
        0.0,
        0.0,
        0.0,
        0.0,
        0.0,
        0.0,
        0.0,
        0.0,
        0.0,
        0.0,
        0.0,
        0.0,
        0.0,
        0.0,
        0.0,
        0.0,
        0.0,
        0.0,
        0.0,
        0.0,
        0.0,
        0.0,
        0.0,
        0.0,
        0.0,
        0.0,
        0.0,
        0.0,
        0.0,
        0.0,
        0.0,
        0.0,
        0.0,
        0.0,
        0.0,
        0.0,
        0.0,
        0.0,
        0.0,
        0.0,
        0.0,
        0.0,
        0.0,
        0.0,
        0.0,
        0.0,
        0.0,
        0.0,
        0.0,
        0.0,
        0.0,
        0.0,
        0.0,
        0.0,
        0.0,
        0.0,
        0.0,
        0.0,
        0.0,
        0.0,
        0.0,
        9.667140007019043,
        20.67535400390625,
        21.91065788269043,
        21.02915382385254,
        20.656906127929688,
        19.05632781982422,
        19.268272399902344,
        19.983505249023438,
        20.29940414428711,
        22.270793914794922,
        22.32376480102539,
        22.613710403442383,
        22.534122467041016,
        23.36665153503418,
        22.995147705078125,
        22.92892837524414,
        23.283628463745117,
        22.60749626159668,
        21.24277114868164,
        21.936141967773438,
        22.79741096496582,
        25.213214874267578,
        25.03736114501953,
        25.31577491760254,
        25.092540740966797,
        23.616647720336914,
        24.608169555664062,
        24.87801742553711,
        26.931636810302734,
        23.544742584228516,
        23.874849319458008,
        24.964000701904297,
        25.309537887573242,
        0.0,
        0.0,
        0.0,
        0.0,
        0.0,
        0.0,
        0.0,
        0.0,
        0.0,
        0.0,
        0.0,
        0.0,
        0.0,
        0.0,
        0.0,
        0.0,
        0.0,
        0.0,
        0.0,
        0.0,
        0.0,
        0.0,
        0.0,
        0.0,
        0.0,
        0.0,
        0.0,
        0.0,
        0.0,
        0.0,
        0.0,
        0.0,
        0.0,
        0.0,
        0.0,
        0.0,
        0.0,
        0.0,
        0.0,
        0.0,
        0.0,
        0.0,
        0.0,
        0.0,
        0.0,
        0.0,
        0.0,
        0.0,
        0.0,
        0.0,
        0.0,
        0.0,
        0.0,
        0.0,
        0.0,
        13.44352912902832,
        24.884828567504883,
        25.429542541503906,
        15.44395923614502,
        0.0,
        20.00017547607422,
        0.0,
        0.0,
        18.03695297241211,
        24.24195098876953,
        13.991344451904297,
        10.553227424621582,
        24.478973388671875,
        0.0,
        0.0,
        0.0,
        0.0,
        0.0,
        0.0,
        0.0,
        0.0,
        0.0,
        0.0,
        0.0,
        0.0,
        0.0,
        0.0,
        0.0,
        0.0,
        0.0,
        0.0,
        0.0,
        0.0,
        0.0,
        0.0,
        0.0,
        0.0,
        0.0,
        0.0,
        0.0,
        0.0,
        0.0,
        0.0,
        0.0,
        0.0,
        0.0,
        0.0,
        0.0,
        0.0,
        0.0,
        0.0,
        0.0,
        0.0,
        0.0,
        0.0,
        0.0,
        0.0,
        0.0,
        0.0,
        0.0,
        0.0,
        0.0,
        0.0,
        0.0
    ],
    "shoulderInternalRotationData": [
        -2.1695570945739746,
        -1.6829752922058105,
        -1.5635986328125,
        -0.8494477272033691,
        3.3169808387756348,
        0.7551546096801758,
        -2.3840718269348145,
        -4.00990104675293,
        -0.6086249351501465,
        6.183398723602295,
        7.9014892578125,
        7.829891204833984,
        6.343962669372559,
        3.3866615295410156,
        0.07456827163696289,
        0.3516983985900879,
        5.038179397583008,
        7.100630283355713,
        12.532923698425293,
        8.622060775756836,
        5.523946762084961,
        3.852961540222168
    ],