{
    "wristFlexionData": [
        -4.12310791015625,
        -3.60233211517334,
        -3.9874162673950195,
        -4.2921953201293945,
        -7.7744646072387695,
        -51.47991943359375,
        -59.170745849609375,
        -49.17265319824219,
        9.466729164123535,
        59.06580352783203,
        64.07640075683594,
        36.86270523071289,
        -43.205909729003906,
        -54.00285339355469,
        -34.965087890625,
        56.19160461425781,
        78.09839630126953,
        64.34053039550781,
        14.186216354370117,
        -9.162084579467773
    ],
    "wristExtensionData": [
        4.12310791015625,
        3.60233211517334,
        3.9874162673950195,
        4.2921953201293945,
        7.7744646072387695,
        51.47991943359375,
        59.170745849609375,
        49.17265319824219,
        -9.466729164123535,
        -59.06580352783203,
        -64.07640075683594,
        -36.86270523071289,
        43.205909729003906,
        54.00285339355469,
        34.965087890625,
        -56.19160461425781,
        -78.09839630126953,
        -64.34053039550781,
        -14.186216354370117,
        9.162084579467773
    ],
    "forearmPronationData": [
        0.0,
        0.0,
        0.0,
        0.0,
        0.0,
        0.0,
        0.0,
        0.0,
        0.0,
        0.0,
        0.0,
        0.0,
        0.0,
        0.0,
        0.0,
        0.0,
        0.0,
        0.0,
        0.0,
        0.0
    ],
    "forearmSupinationData": [
        0.0,
        0.0,
        0.0,
        0.0,
        0.0,
        0.0,
        0.0,
        0.0,
        0.0,
        0.0,
        0.0,
        0.0,
        0.0,
        0.0,
        0.0,
        0.0,
        0.0,
        0.0,
        0.0,
        0.0
    ],
    "forearmPronationSupinationQuatData": [],
    "elbowFlexionData": [
        39.44648742675781,
        39.65289306640625,
        39.80094909667969,
        40.02525329589844,
        40.21174240112305,
        41.91363525390625,
        44.06884002685547,
        44.88322830200195,
        42.29490280151367,
        41.66919708251953,
        45.233734130859375,
        47.08335876464844,
        46.03790283203125,
        45.40046310424805,
        45.56831359863281,
        46.99602508544922,
        45.02482604980469,
        44.865516662597656,
        48.011837005615234,
        45.13331985473633
    ],
    "shoulderAbductionFlexionData": [
        23.36665153503418,
        22.995147705078125,
        22.92892837524414,
        23.283628463745117,
        22.60749626159668,
        21.24277114868164,
        21.936141967773438,
        22.79741096496582,
        25.213214874267578,
        25.03736114501953,
        25.31577491760254,
        25.092540740966797,
        23.616647720336914,
        24.608169555664062,
        24.87801742553711,
        26.931636810302734,
        23.544742584228516,
        23.874849319458008,
        24.964000701904297,
        25.309537887573242
    ],
    "shoulderAbductionData": [
        0.0,
        0.0,
        0.0,
        0.0,
        0.0,
        0.0,
        0.0,
        0.0,
        0.0,
        0.0,
        0.0,
        0.0,
        0.0,
        0.0,
        0.0,
        0.0,
        0.0,
        0.0,
        0.0,
        0.0,
        0.0,
        0.0,
        0.0,
        0.0,
        0.0,
        0.0,
        0.0,
        0.0,
        0.0,
        0.0,
        0.0,
        0.0,
        0.0,
        0.0,
        0.0,
        0.0,
        0.0,
        0.0,
        0.0,
        0.0,
        0.0,
        0.0,
        0.0,
        0.0,
        0.0,
        0.0,
        0.0,
        0.0,
        0.0,
        0.0,
        0.0,
        0.0,
        0.0,
        0.0,
        0.0,
        0.0,
        0.0,
        0.0,
        0.0,
        0.0,
        0.0,
        0.0,
        0.0,
        0.0,
        0.0,
        0.0,
        0.0,
        0.0,
        0.0,
        0.0,
        0.0,
        0.0,
        0.0,
        0.0,
        0.0,
        0.0,
        0.0,
        0.0,
        0.0,
        0.0,
        0.0,
        0.0,
        0.0,
        0.0,
        0.0,
        0.0,
        0.0,
        0.0,
        0.0,
        0.0,
        0.0,
        0.0,
        0.0,
        0.0,
        0.0,
        9.667140007019043,
        20.67535400390625,
        21.91065788269043,
        21.02915382385254,
        20.656906127929688,
        19.05632781982422,
        19.268272399902344,
        19.983505249023438,
        20.29940414428711,
        22.270793914794922,
        22.32376480102539,
        22.613710403442383,
        22.534122467041016,
        23.36665153503418,
        22.995147705078125,
        22.92892837524414,
        23.283628463745117,
        22.60749626159668,
        21.24277114868164,
        21.936141967773438,
        22.79741096496582,
        25.213214874267578,
        25.03736114501953,
        25.31577491760254,
        25.092540740966797,
        23.616647720336914,
        24.608169555664062,
        24.87801742553711,
        26.931636810302734,
        23.544742584228516,
        23.874849319458008,
        24.964000701904297,
        25.309537887573242
    ],
    "shoulderInternalRotationData": [
        10.047710418701172,
        9.922109603881836,
        10.285755157470703,
        10.6110200881958,
        10.458227157592773,
        11.743535995483398,
        12.477544784545898,
        12.534120559692383,
        10.65976333618164,
        9.711671829223633,
        11.451189994812012,
        12.29287338256836,
        12.142258644104004,
        12.686836242675781,
        12.645888328552246,
        12.397098541259766,
        8.849169731140137,
        8.462682723999023,
        11.115104675292969,
        11.004241943359375
    ],
    "shoulderExternalRotationData": [
        -10.047710418701172,
        -9.922109603881836,
        -10.285755157470703,
        -10.6110200881958,
        -10.458227157592773,
        -11.743535995483398,
        -12.477544784545898,
        -12.534120559692383,
        -10.65976333618164,
        -9.711671829223633,
        -11.451189994812012,
        -12.29287338256836,
        -12.142258644104004,
        -12.686836242675781,
        -12.645888328552246,
        -12.397098541259766,
        -8.849169731140137,
        -8.462682723999023,
        -11.115104675292969,
        -11.004241943359375
    ],