{"wristFlexionData":[24.850967407226564,24.706893920898439,24.321319580078126,25.437271118164064,26.017227172851564,32.725341796875,31.445877075195314,24.671310424804689,16.772232055664064,18.400146484375,-28.100555419921876,-15.93695068359375,23.103134155273439,19.32171630859375,37.73200988769531,23.41162109375,15.419723510742188,-17.818496704101564,-31.340255737304689,-21.320510864257814,20.673202514648439,19.01953125,20.500259399414064,20.223876953125],"wristExtensionData":[-24.850967407226564,-24.706893920898439,-24.321319580078126,-25.437271118164064,-26.017227172851564,-32.725341796875,-31.445877075195314,-24.671310424804689,-16.772232055664064,-18.400146484375,28.100555419921876,15.93695068359375,-23.103134155273439,-19.32171630859375,-37.73200988769531,-23.41162109375,-15.419723510742188,17.818496704101564,31.340255737304689,21.320510864257814,-20.673202514648439,-19.01953125,-20.500259399414064,-20.223876953125],"forearmPronationData":[142.52487182617188,143.35284423828126,142.89129638671876,142.72705078125,140.16458129882813,100.61602783203125,104.94940185546875,44.254608154296878,43.51239013671875,46.47601318359375,89.1185302734375,155.03530883789063,147.4368896484375,148.0809326171875,120.40106201171875,34.19410705566406,46.83476257324219,50.713714599609378,89.34140014648438,158.0594482421875,145.17489624023438,143.12985229492188,145.15545654296876,143.76028442382813],"forearmSupinationData":[142.52487182617188,143.35284423828126,142.89129638671876,142.72705078125,140.16458129882813,100.61602783203125,104.94940185546875,44.254608154296878,43.51239013671875,46.47601318359375,89.1185302734375,155.03530883789063,147.4368896484375,148.0809326171875,120.40106201171875,34.19410705566406,46.83476257324219,50.713714599609378,89.34140014648438,158.0594482421875,145.17489624023438,143.12985229492188,145.15545654296876,143.76028442382813],"forearmPronationSupinationQuatData":[],"elbowFlexionData":[8.376541137695313,10.090606689453125,9.1312255859375,10.062576293945313,10.356918334960938,7.61944580078125,6.0533599853515629,4.412109375,4.386016845703125,3.939544677734375,11.193008422851563,11.150177001953125,9.836456298828125,10.25518798828125,15.83990478515625,20.184432983398439,9.891632080078125,13.570831298828125,16.587936401367189,10.995407104492188,11.572174072265625,13.161651611328125,11.821762084960938,11.507308959960938],"shoulderAbductionFlexionData":[29.198150634765626,29.80096435546875,29.279067993164064,28.919723510742189,28.9571533203125,29.247955322265626,28.18878173828125,26.777725219726564,31.343338012695314,31.221832275390626,26.705154418945314,27.420135498046876,30.058502197265626,29.269195556640626,29.838272094726564,23.631637573242189,27.570343017578126,26.236160278320314,25.304458618164064,27.388442993164064,27.899337768554689,27.327285766601564,28.612396240234376,28.64013671875],"shoulderAbductionData":[0.0,0.0,0.0,0.0,0.0,0.0,0.0,0.0,0.0,0.0,0.0,0.0,0.0,0.0,0.0,0.0,0.0,0.0,0.0,0.0,0.0,0.0,0.0,0.0,0.0,0.0,0.0,0.0,0.0,0.0,0.0,0.0,0.0,0.0,0.0,0.0,0.0,0.0,0.0,0.0,0.0,0.0,0.0,0.0,0.0,0.0,0.0,0.0,0.0,0.0,0.0,0.0,0.0,0.0,0.0,0.0,0.0,0.0,0.0,0.0,0.0,0.0,0.0,0.0,0.0,0.0,0.0,0.0,0.0,0.0,0.0,0.0,0.0,0.0,0.0,0.0,0.0,0.0,0.0,0.0,0.0,0.0,0.0,0.0,0.0,0.0,0.0,0.0,0.0,0.0,0.0,0.0,0.0,0.0,0.0,19.173171997070314,22.399093627929689,21.137451171875,20.957061767578126,20.22845458984375,18.646240234375,20.123611450195314,20.04815673828125,20.964096069335939,22.836410522460939,22.809951782226564,22.76898193359375,22.133407592773439,23.084381103515626,22.895553588867189,23.2371826171875,23.146759033203126,21.964569091796876,21.782119750976564,21.98785400390625,23.721588134765626,25.44464111328125,24.804275512695314,25.394561767578126,24.378890991210939,24.12164306640625,24.554458618164064,26.018539428710939,25.99444580078125,23.083786010742189,24.279571533203126,25.382659912109376,25.395904541015626,0.0,0.0,0.0,0.0,0.0,0.0,0.0,0.0,0.0,0.0,0.0,0.0,0.0,0.0,0.0,0.0,0.0,0.0,0.0,0.0,0.0,0.0,0.0,0.0,0.0,0.0,0.0,0.0,0.0,0.0,0.0,0.0,0.0,0.0,0.0,0.0,0.0,0.0,0.0,0.0,0.0,0.0,0.0,0.0,0.0,0.0,0.0,0.0,0.0,0.0,0.0,0.0,0.0,0.0,0.0,24.634994506835939,25.105316162109376,25.197860717773439,0.0,0.0,0.0,0.0,0.0,23.716262817382814,24.96728515625,0.0,24.70965576171875,23.987503051757814,0.0,0.0,0.0,0.0,0.0,0.0,0.0,0.0,0.0,0.0,0.0,0.0,0.0,0.0,0.0,0.0,0.0,0.0,0.0,0.0,0.0,0.0,0.0,0.0,0.0,0.0,0.0,0.0,0.0,0.0,0.0,0.0,0.0,0.0,0.0,0.0,0.0,0.0,0.0,0.0,0.0,0.0,0.0,0.0,0.0,0.0,0.0,0.0,0.0,0.0,0.0,0.0,0.0,0.0,0.0,0.0,0.0,0.0,0.0,0.0,0.0,0.0,0.0,0.0,0.0,0.0,0.0,0.0,23.253326416015626,22.784088134765626,0.0,21.313232421875,20.7799072265625,21.824066162109376,22.964691162109376,22.642227172851564,23.218368530273439,23.1895751953125,20.75103759765625,23.199737548828126,22.6285400390625,22.11968994140625,22.493499755859376,21.961318969726564,23.406417846679689,23.334915161132814,0.0,22.175888061523439,21.017257690429689,20.3665771484375,20.229690551757814,19.888458251953126,20.9185791015625,21.514068603515626,0.0,0.0,0.0,0.0,0.0,0.0,0.0,0.0,0.0,0.0,0.0,0.0,0.0,0.0,0.0,0.0,0.0,0.0,0.0,0.0,0.0,0.0,0.0,0.0,0.0,0.0,0.0,0.0,0.0,0.0,0.0,0.0,0.0,0.0,0.0,0.0,0.0,0.0,0.0,26.393630981445314,0.0,0.0,0.0,24.727279663085939,29.50628662109375,28.54742431640625,28.043228149414064,26.50579833984375,0.0,0.0,0.0,0.0,0.0,0.0,0.0,0.0,0.0,0.0,0.0,0.0,23.156158447265626,23.263809204101564,23.74481201171875,24.016921997070314,23.7232666015625,26.190017700195314,27.527557373046876,0.0,0.0,0.0,0.0,0.0,0.0,0.0,0.0,0.0,0.0,0.0,0.0,0.0,0.0,0.0,0.0,0.0,0.0,0.0,0.0,0.0,0.0,0.0,0.0],"shoulderInternalRotationData":[-5.765647888183594,-5.380096435546875,-5.908683776855469,-5.3479156494140629,-5.210723876953125,-8.132194519042969,-8.674362182617188,-10.938987731933594,-10.442039489746094,-11.686988830566407,-8.912178039550782,-6.301399230957031,-6.685249328613281,-7.324256896972656,-6.5164947509765629,-13.916740417480469,-15.437034606933594,-17.4896240234375,-8.431961059570313,-7.790794372558594,-7.027885437011719,-5.7918853759765629,-4.946380615234375,-4.267478942871094],"shoulderExternalRotationData":[5.765647888183594,5.380096435546875,5.908683776855469,5.3479156494140629,5.210723876953125,8.132194519042969,8.674362182617188,10.938987731933594,10.442039489746094,11.686988830566407,8.912178039550782,6.301399230957031,6.685249328613281,7.324256896972656,6.5164947509765629,13.916740417480469,15.437034606933594,17.4896240234375,8.431961059570313,7.790794372558594,7.027885437011719,5.7918853759765629,4.946380615234375,4.267478942871094],