{"wristFlexionData":[11.297256469726563,9.9671630859375,9.993179321289063,9.455902099609375,-36.1126708984375,-53.67237091064453,-47.52238464355469,23.575103759765626,46.18321228027344,48.80686950683594,42.45936584472656,-33.00956726074219,-58.45368194580078,-53.803924560546878,-24.32830810546875,38.029510498046878,35.39544677734375,35.50910949707031,22.076705932617189],"wristExtensionData":[-11.297256469726563,-9.9671630859375,-9.993179321289063,-9.455902099609375,36.1126708984375,53.67237091064453,47.52238464355469,-23.575103759765626,-46.18321228027344,-48.80686950683594,-42.45936584472656,33.00956726074219,58.45368194580078,53.803924560546878,24.32830810546875,-38.029510498046878,-35.39544677734375,-35.50910949707031,-22.076705932617189],"forearmPronationData":[152.85528564453126,153.25411987304688,153.310302734375,156.3668212890625,194.29994201660157,215.5244140625,211.17103576660157,144.18011474609376,123.71392822265625,120.59072875976563,128.655029296875,198.16253662109376,220.208984375,215.23312377929688,187.84396362304688,128.4381103515625,127.8443603515625,127.4432373046875,142.4013671875],"forearmSupinationData":[152.85528564453126,153.25411987304688,153.310302734375,156.3668212890625,194.29994201660157,215.5244140625,211.17103576660157,144.18011474609376,123.71392822265625,120.59072875976563,128.655029296875,198.16253662109376,220.208984375,215.23312377929688,187.84396362304688,128.4381103515625,127.8443603515625,127.4432373046875,142.4013671875],"forearmPronationSupinationQuatData":[],"elbowFlexionData":[28.469375610351564,27.266387939453126,27.433380126953126,28.525726318359376,39.43156433105469,42.023834228515628,40.89141845703125,39.0155029296875,40.867584228515628,40.6824951171875,41.22019958496094,39.31156921386719,40.52587890625,40.43351745605469,37.727874755859378,39.920257568359378,40.33985900878906,39.184783935546878,38.52778625488281],"shoulderAbductionFlexionData":[20.251434326171876,19.806930541992189,19.117462158203126,19.083541870117189,17.307510375976564,18.446258544921876,19.173171997070314,22.399093627929689,21.137451171875,20.957061767578126,20.22845458984375,18.646240234375,20.123611450195314,20.04815673828125,20.964096069335939,22.836410522460939,22.809951782226564,22.76898193359375,22.133407592773439],"shoulderAbductionData":[0.0,0.0,0.0,0.0,0.0,0.0,0.0,0.0,0.0,0.0,0.0,0.0,0.0,0.0,0.0,0.0,0.0,0.0,0.0,0.0,0.0,0.0,0.0,0.0,0.0,0.0,0.0,0.0,0.0,0.0,0.0,0.0,0.0,0.0,0.0,0.0,0.0,0.0,0.0,0.0,0.0,0.0,0.0,0.0,0.0,0.0,0.0,0.0,0.0,0.0,0.0,0.0,0.0,0.0,0.0,0.0,0.0,0.0,0.0,0.0,0.0,0.0,0.0,0.0,0.0,0.0,0.0,0.0,0.0,0.0,0.0,0.0,0.0,0.0,0.0,0.0,0.0,0.0,0.0,0.0,0.0,0.0,0.0,0.0,0.0,0.0,0.0,0.0,0.0,0.0,0.0,0.0,0.0,0.0,0.0,19.173171997070314,22.399093627929689,21.137451171875,20.957061767578126,20.22845458984375,18.646240234375,20.123611450195314,20.04815673828125,20.964096069335939,22.836410522460939,22.809951782226564,22.76898193359375,22.133407592773439],"shoulderInternalRotationData":[7.3389739990234379,6.764251708984375,6.8707122802734379,7.197822570800781,12.263633728027344,10.42535400390625,9.783493041992188,9.668296813964844,8.925018310546875,9.405082702636719,9.426551818847657,8.429832458496094,10.691047668457032,10.722732543945313,9.042190551757813,10.610450744628907,12.075790405273438,12.493499755859375,11.606040954589844],"shoulderExternalRotationData":[-7.3389739990234379,-6.764251708984375,-6.8707122802734379,-7.197822570800781,-12.263633728027344,-10.42535400390625,-9.783493041992188,-9.668296813964844,-8.925018310546875,-9.405082702636719,-9.426551818847657,-8.429832458496094,-10.691047668457032,-10.722732543945313,-9.042190551757813,-10.610450744628907,-12.075790405273438,-12.493499755859375,-11.606040954589844],"shoulderFlexionData":[17.641189575195314,17.280349731445314,16.72119140625,13.335220336914063,14.987838745117188,15.920318603515625,21.0614013671875,19.941802978515626,19.406265258789064,19.876174926757814,17.8570556640625,18.4383544921875,19.614151000976564,21.358230590820314,21.322662353515626,22.1051025390625,21.766403198242189,20.76800537109375,20.729232788085939,18.862472534179689,18.860092163085939,19.551666259765626,19.936630249023439,15.605178833007813,16.375564575195314,16.769790649414064,14.25103759765625,15.849197387695313,16.740890502929689,22.200942993164064,20.930709838867189,21.76513671875,18.4854736328125,17.174468994140626,19.06378173828125,17.162628173828126,20.7720947265625,19.268692016601564,19.802749633789064,19.197402954101564,18.52862548828125,17.40020751953125,17.79486083984375,20.134414672851564,19.629776000976564,20.09466552734375,19.29791259765625,19.09832763671875,18.103240966796876,20.29022216796875,22.484603881835939,21.491912841796876,19.012664794921876,16.231781005859376,18.043304443359376,18.413238525390626,20.764251708984376,20.09521484375,19.523117065429689,19.2462158203125,19.356735229492189,19.36395263671875,20.046920776367189,19.69573974609375,23.434860229492189,23.400527954101564,23.376937866210939,23.027023315429689,23.265792846679689,24.052902221679689,23.742828369140626,23.113128662109376,21.902313232421876,22.735061645507814,22.66583251953125,23.814834594726564,24.3297119140625,24.159454345703126,23.67816162109375,22.855987548828126,22.6842041015625,23.939666748046876,22.72015380859375,24.929275512695314,22.863479614257814,23.4857177734375,23.356491088867189,23.61688232421875,22.638473510742189,20.251434326171876,19.806930541992189,19.117462158203126,19.083541870117189,17.307510375976564,18.446258544921876,19.173171997070314,22.399093627929689,21.137451171875,20.957061767578126,20.22845458984375,18.646240234375,20.123611450195314,20.04815673828125,20.964096069335939,22.836410522460939,22.809951782226564,22.76898193359375,22.133407592773439],"shoulderHorizontalAbductionData":[13.78802490234375,12.872871398925782,12.770584106445313,13.093925476074219,12.743072509765625,14.146339416503907,15.35174560546875,17.226577758789064,16.84539794921875,16.440086364746095,15.973655700683594,16.19708251953125,16.52802276611328,16.640365600585939,17.254844665527345,18.054473876953126,18.912681579589845,18.388107299804689,18.129615783691408],"shoulderHorizontalAdductionData":[-13.78802490234375,-12.872871398925782,-12.770584106445313,-13.093925476074219,-12.743072509765625,-14.146339416503907,-15.35174560546875,-17.226577758789064,-16.84539794921875,-16.440086364746095,-15.973655700683594,-16.19708251953125,-16.52802276611328,-16.640365600585939,-17.254844665527345,-18.054473876953126,-18.912681579589845,-18.388107299804689,-18.129615783691408],"trunkTiltData":[0.031236886978149415,0.03144899010658264,0.03195673227310181,0.03309446573257446,0.037816911935806277,0.0378665030002594,0.038522690534591678,0.03483998775482178,0.03662446141242981,0.0341341495513916,0.03329050540924072,0.033309340476989749,0.03312760591506958,0.0313754677772522,0.029976218938827516,0.027292072772979738,0.025687336921691896,0.02317216992378235,0.022647619247436525],"thumbDistalLocationData":[],"thumbProximalLocationData":[],"thumbMetacarpalLocationData":[],"indexDistalLocationData":[],"indexProximalLocationData":[],"indexMetacarpalLocationData":[],"middleDistalLocationData":[],"middleProximalLocationData":[],"middleMetacarpalLocationData":[],"ringDistalLocationData":[],"ringProximalLocationData":[],"ringMetacarpalLocationData":[],"littleDistalLocationData":[],"littleProximalLocationData":[],"littleMetacarpalLocationData":[],"headLocationData":[],"wristLocationData":[],"armLowerLocationData":[],"armUpperLocationData":[]}