{"wristFlexionData":[25.756942749023439,27.286163330078126,26.1524658203125,27.269302368164064,29.24774169921875,31.0615234375,30.056442260742189,41.20817565917969,33.36676025390625,29.588775634765626,28.044219970703126,29.446487426757814,26.635879516601564,23.7916259765625],"wristExtensionData":[-25.756942749023439,-27.286163330078126,-26.1524658203125,-27.269302368164064,-29.24774169921875,-31.0615234375,-30.056442260742189,-41.20817565917969,-33.36676025390625,-29.588775634765626,-28.044219970703126,-29.446487426757814,-26.635879516601564,-23.7916259765625],"forearmPronationData":[14.126907348632813,8.9322509765625,3.10260009765625,354.19403076171877,307.0150146484375,282.4775695800781,269.0574951171875,271.7554626464844,273.4349365234375,260.92437744140627,258.6959228515625,261.4718017578125,259.1875305175781,259.6385498046875],"forearmSupinationData":[14.126907348632813,8.9322509765625,3.10260009765625,354.19403076171877,307.0150146484375,282.4775695800781,269.0574951171875,271.7554626464844,273.4349365234375,260.92437744140627,258.6959228515625,261.4718017578125,259.1875305175781,259.6385498046875],"forearmPronationSupinationQuatData":[],"elbowFlexionData":[10.427398681640625,13.980636596679688,12.389297485351563,14.7110595703125,19.748123168945314,24.085479736328126,27.213058471679689,40.26385498046875,38.785125732421878,41.66368103027344,45.353759765625,48.150360107421878,49.96052551269531,47.13777160644531],"shoulderAbductionFlexionData":[62.937294006347659,61.84497833251953,63.528526306152347,63.206207275390628,71.8861083984375,80.90553283691406,91.08783721923828,99.61978912353516,108.06564331054688,115.42867279052735,121.3480224609375,129.4246063232422,129.46279907226563,128.7491455078125],"shoulderAbductionData":[0.0,0.0,0.0,0.0,0.0,0.0,0.0,0.0,0.0,0.0,0.0,0.0,0.0,0.0,0.0,0.0,0.0,0.0,0.0,0.0,0.0,0.0,0.0,0.0,0.0,0.0,0.0,0.0,0.0,0.0,0.0,0.0,0.0,0.0,0.0,0.0,0.0,0.0,0.0,0.0,0.0,0.0,0.0,0.0,0.0,0.0,0.0,0.0,0.0,0.0,0.0,0.0,0.0,0.0,0.0,0.0,0.0,0.0,0.0,0.0,0.0,0.0,0.0,0.0,0.0,0.0,0.0,0.0,0.0,0.0,0.0,0.0,0.0,0.0,0.0,0.0,0.0,0.0,0.0,0.0,0.0,0.0,0.0,0.0,0.0,0.0,0.0,0.0,0.0,0.0,0.0,0.0,0.0,0.0,0.0,19.173171997070314,22.399093627929689,21.137451171875,20.957061767578126,20.22845458984375,18.646240234375,20.123611450195314,20.04815673828125,20.964096069335939,22.836410522460939,22.809951782226564,22.76898193359375,22.133407592773439,23.084381103515626,22.895553588867189,23.2371826171875,23.146759033203126,21.964569091796876,21.782119750976564,21.98785400390625,23.721588134765626,25.44464111328125,24.804275512695314,25.394561767578126,24.378890991210939,24.12164306640625,24.554458618164064,26.018539428710939,25.99444580078125,23.083786010742189,24.279571533203126,25.382659912109376,25.395904541015626,0.0,0.0,0.0,0.0,0.0,0.0,0.0,0.0,0.0,0.0,0.0,0.0,0.0,0.0,0.0,0.0,0.0,0.0,0.0,0.0,0.0,0.0,0.0,0.0,0.0,0.0,0.0,0.0,0.0,0.0,0.0,0.0,0.0,0.0,0.0,0.0,0.0,0.0,0.0,0.0,0.0,0.0,0.0,0.0,0.0,0.0,0.0,0.0,0.0,0.0,0.0,0.0,0.0,0.0,0.0,24.634994506835939,25.105316162109376,25.197860717773439,0.0,0.0,0.0,0.0,0.0,23.716262817382814,24.96728515625,0.0,24.70965576171875,23.987503051757814,0.0,0.0,0.0,0.0,0.0,0.0,0.0,0.0,0.0,0.0,0.0,0.0,0.0,0.0,0.0,0.0,0.0,0.0,0.0,0.0,0.0,0.0,0.0,0.0,0.0,0.0,0.0,0.0,0.0,0.0,0.0,0.0,0.0,0.0,0.0,0.0,0.0,0.0,0.0,0.0,0.0,0.0,0.0,0.0,0.0,0.0,0.0,0.0,0.0,0.0,0.0,0.0,0.0,0.0,0.0,0.0,0.0,0.0,0.0,0.0,0.0,0.0,0.0,0.0,0.0,0.0,0.0,0.0,23.253326416015626,22.784088134765626,0.0,21.313232421875,20.7799072265625,21.824066162109376,22.964691162109376,22.642227172851564,23.218368530273439,23.1895751953125,20.75103759765625,23.199737548828126,22.6285400390625,22.11968994140625,22.493499755859376,21.961318969726564,23.406417846679689,23.334915161132814,0.0,22.175888061523439,21.017257690429689,20.3665771484375,20.229690551757814,19.888458251953126,20.9185791015625,21.514068603515626,0.0,0.0,0.0,0.0,0.0,0.0,0.0,0.0,0.0,0.0,0.0,0.0,0.0,0.0,0.0,0.0,0.0,0.0,0.0,0.0,0.0,0.0,0.0,0.0,0.0,0.0,0.0,0.0,0.0,0.0,0.0,0.0,0.0,0.0,0.0,0.0,0.0,0.0,0.0,26.393630981445314,0.0,0.0,0.0,24.727279663085939,29.50628662109375,28.54742431640625,28.043228149414064,26.50579833984375,0.0,0.0,0.0,0.0,0.0,0.0,0.0,0.0,0.0,0.0,0.0,0.0,23.156158447265626,23.263809204101564,23.74481201171875,24.016921997070314,23.7232666015625,26.190017700195314,27.527557373046876,0.0,0.0,0.0,0.0,0.0,0.0,0.0,0.0,0.0,0.0,0.0,0.0,0.0,0.0,0.0,0.0,0.0,0.0,0.0,0.0,0.0,0.0,0.0,0.0,27.01715087890625,26.76507568359375,26.09405517578125,0.0,0.0,0.0,0.0,0.0,26.062088012695314,26.46484375,25.927780151367189,26.10186767578125,0.0,0.0,0.0,26.167266845703126,27.14306640625,26.031524658203126,25.218429565429689,29.8817138671875,29.874343872070314,28.920028686523439,28.662078857421876,16.523406982421876,0.0,0.0,0.0,27.3096923828125,27.048309326171876,28.179885864257814,27.223007202148439,0.0,0.0,0.0,21.419677734375,25.169326782226564,25.328506469726564,26.986221313476564,25.97894287109375,26.192413330078126,25.918075561523439,0.0,0.0,0.0,0.0,0.0,0.0,0.0,0.0,0.0,0.0,0.0,0.0,0.0,0.0,0.0,0.0,0.0,0.0,0.0,0.0,0.0,0.0,0.0,0.0,0.0,0.0,0.0,0.0,0.0,0.0,0.0,0.0,0.0,0.0,0.0,0.0,0.0,0.0,0.0,0.0,62.919464111328128,76.0208511352539,87.01377868652344,93.07415008544922,93.96913146972656,93.98158264160156,0.0,0.0,0.0,0.0,0.0,0.0,0.0,0.0,0.0,0.0,0.0,0.0,0.0,0.0,0.0,0.0,0.0,0.0,0.0,0.0,0.0,0.0,0.0,0.0,0.0,0.0,0.0,0.0,0.0,0.0,0.0,0.0,0.0,0.0,0.0,0.0,0.0,0.0,18.021072387695314,0.0,0.0,0.0,0.0,0.0,0.0,0.0,0.0,0.0,0.0,0.0,0.0,64.80213928222656,61.51995849609375,60.8316650390625,61.192283630371097,64.43506622314453,65.54564666748047,66.03880310058594,73.21343231201172,81.7158203125,94.03721618652344,104.97534942626953,111.46770477294922,112.97325134277344,124.21983337402344,133.87863159179688,143.6058349609375,147.9178466796875,149.746826171875,0.0,0.0,0.0,61.891029357910159,62.06645202636719,64.6377182006836,64.4249038696289,69.15672302246094,79.87995147705078,92.80168914794922,104.29268646240235,110.58710479736328,117.5765151977539,124.54083251953125,127.67431640625,131.74256896972657,129.9085693359375,0.0,0.0,0.0,0.0,75.90784454345703,89.86642456054688,100.6843490600586,110.44532012939453,118.62881469726563,124.73744201660156,129.63897705078126,136.14340209960938,127.09344482421875,125.98973083496094,124.95425415039063,0.0,0.0,0.0,0.0,0.0,0.0,0.0,0.0,0.0,0.0,0.0,0.0,0.0,0.0],"shoulderInternalRotationData":[-10.926567077636719,-10.147598266601563,-9.81097412109375,-11.533065795898438,-12.641281127929688,-14.478096008300782,-12.010406494140625,-10.006462097167969,-12.437370300292969,-8.206634521484375,-7.332313537597656,-7.230918884277344,-9.661323547363282,-9.464302062988282],"shoulderExternalRotationData":[10.926567077636719,10.147598266601563,9.81097412109375,11.533065795898438,12.641281127929688,14.478096008300782,12.010406494140625,10.006462097167969,12.437370300292969,8.206634521484375,7.332313537597656,7.230918884277344,9.661323547363282,9.464302062988282],