{"wristFlexionData":[-31.9715576171875,-32.42472839355469,-31.201492309570314,-51.09812927246094,-57.50000762939453,-71.86347198486328,59.16175079345703,49.677276611328128,-5.2295989990234379,-24.875213623046876,-60.006141662597659,-57.6343994140625,-59.91532897949219,58.531761169433597,54.188255310058597,53.776161193847659,12.000656127929688,-14.739089965820313,-39.60835266113281,-52.45787811279297,-48.3035888671875,-47.87324523925781],"wristExtensionData":[31.9715576171875,32.42472839355469,31.201492309570314,51.09812927246094,57.50000762939453,71.86347198486328,-59.16175079345703,-49.677276611328128,5.2295989990234379,24.875213623046876,60.006141662597659,57.6343994140625,59.91532897949219,-58.531761169433597,-54.188255310058597,-53.776161193847659,-12.000656127929688,14.739089965820313,39.60835266113281,52.45787811279297,48.3035888671875,47.87324523925781],"forearmPronationData":[189.87765502929688,189.32164001464845,193.74539184570313,212.50775146484376,203.70497131347657,133.0250244140625,93.38427734375,73.51832580566406,171.02206420898438,194.60708618164063,218.06610107421876,214.185546875,183.0185546875,140.53433227539063,98.3935546875,86.53421020507813,163.37200927734376,193.33946228027345,209.72108459472657,206.8253173828125,207.82550048828126,207.84458923339845],"forearmSupinationData":[189.87765502929688,189.32164001464845,193.74539184570313,212.50775146484376,203.70497131347657,133.0250244140625,93.38427734375,73.51832580566406,171.02206420898438,194.60708618164063,218.06610107421876,214.185546875,183.0185546875,140.53433227539063,98.3935546875,86.53421020507813,163.37200927734376,193.33946228027345,209.72108459472657,206.8253173828125,207.82550048828126,207.84458923339845],"forearmPronationSupinationQuatData":[],"elbowFlexionData":[32.24835205078125,36.06312561035156,35.93196105957031,37.57762145996094,30.797576904296876,27.478729248046876,32.174285888671878,38.81840515136719,37.905120849609378,45.25579833984375,39.876434326171878,41.226165771484378,33.68504333496094,35.96592712402344,37.88970947265625,42.81620788574219,39.844482421875,45.85734558105469,47.838714599609378,43.696868896484378,43.6871337890625,43.832672119140628],"shoulderAbductionFlexionData":[19.655731201171876,17.804214477539064,17.883880615234376,17.623092651367189,19.108551025390626,29.218399047851564,22.756790161132814,22.066604614257814,23.5531005859375,22.426422119140626,20.746917724609376,19.743637084960939,20.033920288085939,24.316009521484376,21.916091918945314,22.227676391601564,22.406967163085939,23.253326416015626,22.784088134765626,21.440567016601564,21.313232421875,20.7799072265625],"shoulderAbductionData":[0.0,0.0,0.0,0.0,0.0,0.0,0.0,0.0,0.0,0.0,0.0,0.0,0.0,0.0,0.0,0.0,0.0,0.0,0.0,0.0,0.0,0.0,0.0,0.0,0.0,0.0,0.0,0.0,0.0,0.0,0.0,0.0,0.0,0.0,0.0,0.0,0.0,0.0,0.0,0.0,0.0,0.0,0.0,0.0,0.0,0.0,0.0,0.0,0.0,0.0,0.0,0.0,0.0,0.0,0.0,0.0,0.0,0.0,0.0,0.0,0.0,0.0,0.0,0.0,0.0,0.0,0.0,0.0,0.0,0.0,0.0,0.0,0.0,0.0,0.0,0.0,0.0,0.0,0.0,0.0,0.0,0.0,0.0,0.0,0.0,0.0,0.0,0.0,0.0,0.0,0.0,0.0,0.0,0.0,0.0,19.173171997070314,22.399093627929689,21.137451171875,20.957061767578126,20.22845458984375,18.646240234375,20.123611450195314,20.04815673828125,20.964096069335939,22.836410522460939,22.809951782226564,22.76898193359375,22.133407592773439,23.084381103515626,22.895553588867189,23.2371826171875,23.146759033203126,21.964569091796876,21.782119750976564,21.98785400390625,23.721588134765626,25.44464111328125,24.804275512695314,25.394561767578126,24.378890991210939,24.12164306640625,24.554458618164064,26.018539428710939,25.99444580078125,23.083786010742189,24.279571533203126,25.382659912109376,25.395904541015626,0.0,0.0,0.0,0.0,0.0,0.0,0.0,0.0,0.0,0.0,0.0,0.0,0.0,0.0,0.0,0.0,0.0,0.0,0.0,0.0,0.0,0.0,0.0,0.0,0.0,0.0,0.0,0.0,0.0,0.0,0.0,0.0,0.0,0.0,0.0,0.0,0.0,0.0,0.0,0.0,0.0,0.0,0.0,0.0,0.0,0.0,0.0,0.0,0.0,0.0,0.0,0.0,0.0,0.0,0.0,24.634994506835939,25.105316162109376,25.197860717773439,0.0,0.0,0.0,0.0,0.0,23.716262817382814,24.96728515625,0.0,24.70965576171875,23.987503051757814,0.0,0.0,0.0,0.0,0.0,0.0,0.0,0.0,0.0,0.0,0.0,0.0,0.0,0.0,0.0,0.0,0.0,0.0,0.0,0.0,0.0,0.0,0.0,0.0,0.0,0.0,0.0,0.0,0.0,0.0,0.0,0.0,0.0,0.0,0.0,0.0,0.0,0.0,0.0,0.0,0.0,0.0,0.0,0.0,0.0,0.0,0.0,0.0,0.0,0.0,0.0,0.0,0.0,0.0,0.0,0.0,0.0,0.0,0.0,0.0,0.0,0.0,0.0,0.0,0.0,0.0,0.0,0.0,23.253326416015626,22.784088134765626,0.0,21.313232421875,20.7799072265625],"shoulderInternalRotationData":[11.308204650878907,13.364372253417969,14.409378051757813,12.960433959960938,8.956398010253907,9.23150634765625,6.556663513183594,11.053352355957032,15.922332763671875,17.96588134765625,14.641609191894532,13.60772705078125,8.95867919921875,11.9691162109375,8.813888549804688,11.816009521484375,15.420906066894532,18.912628173828126,19.812965393066408,16.576690673828126,15.620903015136719,16.538162231445314],"shoulderExternalRotationData":[-11.308204650878907,-13.364372253417969,-14.409378051757813,-12.960433959960938,-8.956398010253907,-9.23150634765625,-6.556663513183594,-11.053352355957032,-15.922332763671875,-17.96588134765625,-14.641609191894532,-13.60772705078125,-8.95867919921875,-11.9691162109375,-8.813888549804688,-11.816009521484375,-15.420906066894532,-18.912628173828126,-19.812965393066408,-16.576690673828126,-15.620903015136719,-16.538162231445314],