{"wristFlexionData":[-35.81871032714844,-34.75071716308594,-35.159820556640628,-35.91644287109375,-36.55583190917969,-35.7381591796875,-35.31159973144531,-51.209259033203128,-56.720558166503909,-39.8929443359375,-46.78985595703125,-44.61338806152344,-42.839324951171878,-36.32618713378906,-38.37010192871094],"wristExtensionData":[35.81871032714844,34.75071716308594,35.159820556640628,35.91644287109375,36.55583190917969,35.7381591796875,35.31159973144531,51.209259033203128,56.720558166503909,39.8929443359375,46.78985595703125,44.61338806152344,42.839324951171878,36.32618713378906,38.37010192871094],"forearmPronationData":[91.65460205078125,92.05209350585938,91.61892700195313,91.54434204101563,87.93637084960938,88.38800048828125,82.8968505859375,76.52444458007813,81.2467041015625,359.1761474609375,314.19964599609377,302.723388671875,290.34161376953127,292.5929870605469,287.3934326171875],"forearmSupinationData":[91.65460205078125,92.05209350585938,91.61892700195313,91.54434204101563,87.93637084960938,88.38800048828125,82.8968505859375,76.52444458007813,81.2467041015625,359.1761474609375,314.19964599609377,302.723388671875,290.34161376953127,292.5929870605469,287.3934326171875],"forearmPronationSupinationQuatData":[],"elbowFlexionData":[27.532440185546876,27.5919189453125,27.035842895507814,26.696456909179689,24.115936279296876,17.845916748046876,9.666259765625,30.941436767578126,33.786041259765628,19.546661376953126,21.98394775390625,20.077651977539064,22.736053466796876,21.988510131835939,21.953109741210939],"shoulderAbductionFlexionData":[9.398422241210938,9.349655151367188,8.720611572265625,8.061752319335938,7.9452667236328129,17.892257690429689,32.66099548339844,43.692718505859378,58.436485290527347,78.00537872314453,89.89451599121094,98.57857513427735,103.19365692138672,105.84772491455078,106.16768646240235],"shoulderAbductionData":[0.0,0.0,0.0,0.0,0.0,0.0,0.0,0.0,0.0,30.48272705078125,36.50480651855469,41.54316711425781,49.488555908203128,60.57865905761719,67.96627044677735,72.88733673095703,78.97169494628906,81.37820434570313,82.9803695678711,0.0,0.0,0.0,0.0,0.0,17.892257690429689,32.66099548339844,43.692718505859378,58.436485290527347,78.00537872314453,89.89451599121094,98.57857513427735,103.19365692138672,105.84772491455078,106.16768646240235],"shoulderInternalRotationData":[-7.950233459472656,-6.7105865478515629,-6.803947448730469,-6.5129547119140629,-8.468002319335938,-18.392173767089845,-31.729995727539064,-48.53509521484375,-50.807342529296878,-47.412994384765628,-44.2835693359375,-40.87019348144531,-32.74845886230469,-30.705001831054689,-31.188865661621095],"shoulderExternalRotationData":[7.950233459472656,6.7105865478515629,6.803947448730469,6.5129547119140629,8.468002319335938,18.392173767089845,31.729995727539064,48.53509521484375,50.807342529296878,47.412994384765628,44.2835693359375,40.87019348144531,32.74845886230469,30.705001831054689,31.188865661621095],"shoulderFlexionData":[21.506256103515626,21.717132568359376,21.679031372070314,21.568191528320314,22.034530639648439,21.293533325195314,20.963180541992189,21.1510009765625,22.004806518554689,30.48272705078125,36.50480651855469,41.54316711425781,49.488555908203128,60.57865905761719,67.96627044677735,0.0,0.0,0.0,0.0,9.398422241210938,9.349655151367188,8.720611572265625,8.061752319335938,7.9452667236328129,17.892257690429689,32.66099548339844,43.692718505859378,58.436485290527347,78.00537872314453,89.89451599121094,98.57857513427735,103.19365692138672,105.84772491455078,106.16768646240235],"shoulderHorizontalAbductionData":[5.275733947753906,5.015953063964844,4.248023986816406,4.231964111328125,5.446235656738281,17.247634887695314,27.37885284423828,28.801536560058595,41.30348205566406,50.48451232910156,52.06346130371094,48.847900390625,47.09124755859375,45.99043273925781,45.05955505371094],"shoulderHorizontalAdductionData":[-5.275733947753906,-5.015953063964844,-4.248023986816406,-4.231964111328125,-5.446235656738281,-17.247634887695314,-27.37885284423828,-28.801536560058595,-41.30348205566406,-50.48451232910156,-52.06346130371094,-48.847900390625,-47.09124755859375,-45.99043273925781,-45.05955505371094],"trunkTiltData":[0.07485318183898926,0.07521975040435791,0.07613372802734375,0.07730424404144287,0.07710903882980347,0.07389771938323975,0.09862005710601807,0.09871923923492432,0.0953681468963623,0.0991448163986206,0.09781289100646973,0.11787471175193787,0.13149353861808778,0.13742873072624207,0.13744041323661805],"thumbDistalLocationData":[],"thumbProximalLocationData":[],"thumbMetacarpalLocationData":[],"indexDistalLocationData":[],"indexProximalLocationData":[],"indexMetacarpalLocationData":[],"middleDistalLocationData":[],"middleProximalLocationData":[],"middleMetacarpalLocationData":[],"ringDistalLocationData":[],"ringProximalLocationData":[],"ringMetacarpalLocationData":[],"littleDistalLocationData":[],"littleProximalLocationData":[],"littleMetacarpalLocationData":[],"headLocationData":[],"wristLocationData":[],"armLowerLocationData":[],"armUpperLocationData":[]}