{
    "wristFlexionData": [
        11.282424926757812,
        10.799510955810547,
        9.938211441040039,
        10.254172325134277,
        -17.06427764892578,
        -46.53105545043945,
        -54.33792495727539,
        -13.106476783752441,
        40.376434326171875,
        47.4155387878418,
        47.36636734008789,
        3.263874053955078,
        -52.65415954589844,
        -54.64457702636719,
        -45.52113723754883,
        10.80175495147705,
        36.279624938964844,
        36.000362396240234,
        31.08037567138672
    ],
    "wristExtensionData": [
        -11.282424926757812,
        -10.799510955810547,
        -9.938211441040039,
        -10.254172325134277,
        17.06427764892578,
        46.53105545043945,
        54.33792495727539,
        13.106476783752441,
        -40.376434326171875,
        -47.4155387878418,
        -47.36636734008789,
        -3.263874053955078,
        52.65415954589844,
        54.64457702636719,
        45.52113723754883,
        -10.80175495147705,
        -36.279624938964844,
        -36.000362396240234,
        -31.08037567138672
    ],
    "forearmPronationData": [
        0.0,
        0.0,
        0.0,
        0.0,
        0.0,
        0.0,
        0.0,
        0.0,
        0.0,
        0.0,
        0.0,
        0.0,
        0.0,
        0.0,
        0.0,
        0.0,
        0.0,
        0.0,
        0.0
    ],
    "forearmSupinationData": [
        0.0,
        0.0,
        0.0,
        0.0,
        0.0,
        0.0,
        0.0,
        0.0,
        0.0,
        0.0,
        0.0,
        0.0,
        0.0,
        0.0,
        0.0,
        0.0,
        0.0,
        0.0,
        0.0
    ],
    "forearmPronationSupinationQuatData": [],
    "elbowFlexionData": [
        28.460506439208984,
        27.959516525268555,
        27.24625587463379,
        27.794981002807617,
        33.029083251953125,
        40.94068145751953,
        41.38282012939453,
        38.981590270996094,
        39.43102264404297,
        40.783668518066406,
        40.572174072265625,
        40.36628723144531,
        40.529144287109375,
        40.3612174987793,
        40.194549560546875,
        39.155357360839844,
        40.6960334777832,
        39.62223815917969,
        38.69516372680664
    ],
    "shoulderAbductionFlexionData": [
        20.253644943237305,
        20.05557632446289,
        19.44731903076172,
        19.232315063476562,
        17.883098602294922,
        17.601064682006836,
        19.152568817138672,
        20.67535400390625,
        21.91065788269043,
        21.02915382385254,
        20.656906127929688,
        19.05632781982422,
        19.268272399902344,
        19.983505249023438,
        20.29940414428711,
        22.270793914794922,
        22.32376480102539,
        22.613710403442383,
        22.534122467041016
    ],
    "shoulderAbductionData": [
        0.0,
        0.0,
        0.0,
        0.0,
        0.0,
        0.0,
        0.0,
        0.0,
        0.0,
        0.0,
        0.0,
        0.0,
        0.0,
        0.0,
        0.0,
        0.0,
        0.0,
        0.0,
        0.0,
        0.0,
        0.0,
        0.0,
        0.0,
        0.0,
        0.0,
        0.0,
        0.0,
        0.0,
        0.0,
        0.0,
        0.0,
        0.0,
        0.0,
        0.0,
        0.0,
        0.0,
        0.0,
        0.0,
        0.0,
        0.0,
        0.0,
        0.0,
        0.0,
        0.0,
        0.0,
        0.0,
        0.0,
        0.0,
        0.0,
        0.0,
        0.0,
        0.0,
        0.0,
        0.0,
        0.0,
        0.0,
        0.0,
        0.0,
        0.0,
        0.0,
        0.0,
        0.0,
        0.0,
        0.0,
        0.0,
        0.0,
        0.0,
        0.0,
        0.0,
        0.0,
        0.0,
        0.0,
        0.0,
        0.0,
        0.0,
        0.0,
        0.0,
        0.0,
        0.0,
        0.0,
        0.0,
        0.0,
        0.0,
        0.0,
        0.0,
        0.0,
        0.0,
        0.0,
        0.0,
        0.0,
        0.0,
        0.0,
        0.0,
        0.0,
        0.0,
        9.667140007019043,
        20.67535400390625,
        21.91065788269043,
        21.02915382385254,
        20.656906127929688,
        19.05632781982422,
        19.268272399902344,
        19.983505249023438,
        20.29940414428711,
        22.270793914794922,
        22.32376480102539,
        22.613710403442383,
        22.534122467041016
    ],
    "shoulderInternalRotationData": [
        7.290480613708496,
        7.090716361999512,
        6.775279521942139,
        7.115096569061279,
        8.909666061401367,
        10.908082962036133,
        10.18055248260498,
        9.019195556640625,
        8.809979438781738,
        9.184358596801758,
        9.261234283447266,
        8.615653991699219,
        9.968042373657227,
        10.53126049041748,
        10.616583824157715,
        9.941085815429688,
        11.414295196533203,
        12.192279815673828,
        12.12668228149414
    ],
    "shoulderExternalRotationData": [
        -7.290480613708496,
        -7.090716361999512,
        -6.775279521942139,
        -7.115096569061279,
        -8.909666061401367,
        -10.908082962036133,
        -10.18055248260498,
        -9.019195556640625,
        -8.809979438781738,
        -9.184358596801758,
        -9.261234283447266,
        -8.615653991699219,
        -9.968042373657227,
        -10.53126049041748,
        -10.616583824157715,
        -9.941085815429688,
        -11.414295196533203,
        -12.192279815673828,
        -12.12668228149414
    ],