{
    "wristFlexionData": [
        -31.67938995361328,
        -32.28435516357422,
        -32.546653747558594,
        -32.29389953613281,
        -32.05862808227539,
        -36.15338897705078,
        -37.822757720947266,
        -38.5565071105957,
        -38.72486877441406,
        -32.289039611816406,
        -30.056900024414062,
        -32.4237060546875,
        -30.469097137451172
    ],
    "wristExtensionData": [
        31.67938995361328,
        32.28435516357422,
        32.546653747558594,
        32.29389953613281,
        32.05862808227539,
        36.15338897705078,
        37.822757720947266,
        38.5565071105957,
        38.72486877441406,
        32.289039611816406,
        30.056900024414062,
        32.4237060546875,
        30.469097137451172
    ],
    "forearmPronationData": [
        0.0,
        0.0,
        0.0,
        0.0,
        0.0,
        0.0,
        0.0,
        0.0,
        0.0,
        0.0,
        0.0,
        0.0,
        0.0
    ],
    "forearmSupinationData": [
        0.0,
        0.0,
        0.0,
        0.0,
        0.0,
        0.0,
        0.0,
        0.0,
        0.0,
        0.0,
        0.0,
        0.0,
        0.0
    ],
    "forearmPronationSupinationQuatData": [],
    "elbowFlexionData": [
        48.39170455932617,
        50.02891540527344,
        50.992549896240234,
        49.354801177978516,
        47.429054260253906,
        48.93824768066406,
        46.35366439819336,
        48.58745193481445,
        49.18959045410156,
        40.281654357910156,
        33.11423873901367,
        31.148204803466797,
        29.137454986572266
    ],
    "shoulderAbductionFlexionData": [
        17.15926742553711,
        18.19155502319336,
        19.14319610595703,
        18.23727798461914,
        17.563926696777344,
        21.532669067382812,
        31.408571243286133,
        46.97965621948242,
        61.73826599121094,
        79.46704864501953,
        90.7630386352539,
        98.59855651855469,
        100.16822052001953
    ],
    "shoulderAbductionData": [
        0.0,
        0.0,
        0.0,
        0.0,
        0.0,
        0.0,
        0.0,
        0.0,
        0.0,
        15.253278732299805,
        33.91798400878906,
        38.8568000793457,
        44.43629455566406,
        56.39990234375,
        63.92422866821289,
        70.25923919677734,
        75.33285522460938,
        80.19223022460938,
        82.83364868164062,
        0.0,
        0.0,
        0.0,
        0.0,
        0.0,
        2.175225257873535,
        24.842025756835938,
        38.57770538330078,
        49.97690200805664,
        68.17906188964844,
        85.168701171875,
        94.20587158203125,
        100.83063507080078,
        104.89742279052734,
        106.19720458984375,
        0.0,
        0.0,
        0.0,
        0.0,
        3.1839723587036133,
        24.238191604614258,
        36.2701416015625,
        49.95503616333008,
        68.60381317138672,
        81.42322540283203,
        88.78209686279297,
        98.39002990722656,
        101.78199768066406,
        101.70221710205078,
        101.48271942138672,
        0.0,
        0.0,
        0.0,
        0.0,
        0.0,
        13.201554298400879,
        31.408571243286133,
        46.97965621948242,
        61.73826599121094,
        79.46704864501953,
        90.7630386352539,
        98.59855651855469,
        100.16822052001953
    ],
    "shoulderInternalRotationData": [
        3.6918201446533203,
        3.440730571746826,
        4.999891757965088,
        4.02292013168335,
        0.1900768280029297,
        -11.143196105957031,
        -24.578044891357422,
        -29.62140655517578,
        -31.958498001098633,
        -29.006269454956055,
        -29.818740844726562,
        -27.643566131591797,
        -25.132585525512695
    ],
    "shoulderExternalRotationData": [
        -3.6918201446533203,
        -3.440730571746826,
        -4.999891757965088,
        -4.02292013168335,
        -0.1900768280029297,
        11.143196105957031,
        24.578044891357422,
        29.62140655517578,
        31.958498001098633,
        29.006269454956055,
        29.818740844726562,
        27.643566131591797,
        25.132585525512695
    ],
    "shoulderFlexionData": [
        21.201753616333008,
        21.56561851501465,
        21.721290588378906,
        21.646854400634766,
        21.900108337402344,
        21.647571563720703,
        21.02692413330078,
        21.229114532470703,
        21.63050079345703,
        25.146427154541016,
        33.91798400878906,
        38.8568000793457,
        44.43629455566406,
        56.39990234375,
        63.92422866821289,
        43.200313568115234,
        0.0,
        0.0,
        0.0,
        9.303332328796387,
        9.444838523864746,
        8.858027458190918,
        8.339733123779297,
        7.548323631286621,
        11.759027481079102,
        24.842025756835938,
        38.57770538330078,
        49.97690200805664,
        68.17906188964844,
        85.168701171875,
        94.20587158203125,
        100.83063507080078,
        104.89742279052734,
        106.19720458984375,
        9.397499084472656,
        9.06153392791748,
        9.808659553527832,
        10.348175048828125,
        13.894291877746582,
        24.238191604614258,
        36.2701416015625,
        49.95503616333008,
        68.60381317138672,
        81.42322540283203,
        88.78209686279297,
        98.39002990722656,
        101.78199768066406,
        101.70221710205078,
        101.48271942138672,
        17.15926742553711,
        18.19155502319336,
        19.14319610595703,
        18.23727798461914,
        17.563926696777344,
        21.532669067382812,
        31.408571243286133,
        46.97965621948242,
        61.73826599121094,
        74.13427734375,
        90.7630386352539,
        98.59855651855469,
        100.16822052001953
    ],
    "shoulderHorizontalAbductionData": [
        8.115907669067383,
        8.24825382232666,
        8.346753120422363,
        7.622433185577393,
        8.726848602294922,
        16.45292091369629,
        28.034954071044922,
        39.53984451293945,
        48.222110748291016,
        53.55712890625,
        52.355674743652344,
        50.95475387573242,
        47.42478942871094
    ],
    "shoulderHorizontalAdductionData": [
        -8.115907669067383,
        -8.24825382232666,
        -8.346753120422363,
        -7.622433185577393,
        -8.726848602294922,
        -16.45292091369629,
        -28.034954071044922,
        -39.53984451293945,
        -48.222110748291016,
        -53.55712890625,
        -52.355674743652344,
        -50.95475387573242,
        -47.42478942871094
    ],
    "trunkTiltData": [
        0.07237620651721954,
        0.07264798134565353,
        0.07720810174942017,
        0.0767345055937767,
        0.07725080847740173,
        0.08716115355491638,
        0.09104032069444656,
        0.08912479132413864,
        0.10158802568912506,
        0.11975801736116409,
        0.128286212682724,
        0.13914813101291656,
        0.1568172425031662
    ],
    "thumbDistalLocationData": [],
    "thumbProximalLocationData": [],
    "thumbMetacarpalLocationData": [],
    "indexDistalLocationData": [],
    "indexProximalLocationData": [],
    "indexMetacarpalLocationData": [],
    "middleDistalLocationData": [],
    "middleProximalLocationData": [],
    "middleMetacarpalLocationData": [],
    "ringDistalLocationData": [],
    "ringProximalLocationData": [],
    "ringMetacarpalLocationData": [],
    "littleDistalLocationData": [],
    "littleProximalLocationData": [],
    "littleMetacarpalLocationData": [],
    "headLocationData": [],
    "wristLocationData": [],
    "armLowerLocationData": [],
    "armUpperLocationData": []
}