{"wristFlexionData":[-13.45184326171875,-13.200576782226563,-14.044357299804688,-18.27471923828125,-56.35887908935547,-62.273765563964847,-55.39768981933594,56.44335174560547,36.330596923828128,-15.2525634765625,-43.10932922363281,-51.06858825683594,-48.56300354003906,-54.106101989746097,-47.34144592285156,60.863441467285159,57.480308532714847,10.14892578125,-26.738525390625,-52.871978759765628,-53.40266418457031,-53.60357666015625],"wristExtensionData":[13.45184326171875,13.200576782226563,14.044357299804688,18.27471923828125,56.35887908935547,62.273765563964847,55.39768981933594,-56.44335174560547,-36.330596923828128,15.2525634765625,43.10932922363281,51.06858825683594,48.56300354003906,54.106101989746097,47.34144592285156,-60.863441467285159,-57.480308532714847,-10.14892578125,26.738525390625,52.871978759765628,53.40266418457031,53.60357666015625],"forearmPronationData":[163.44122314453126,163.07977294921876,163.28643798828126,175.9312744140625,216.28076171875,207.2733154296875,152.64590454101563,111.63558959960938,131.61749267578126,173.31768798828126,203.50523376464845,213.5247802734375,210.419677734375,207.97044372558595,151.65802001953126,107.4713134765625,77.35760498046875,159.37957763671876,194.9906768798828,210.5807647705078,182.06552124023438,163.40475463867188],"forearmSupinationData":[163.44122314453126,163.07977294921876,163.28643798828126,175.9312744140625,216.28076171875,207.2733154296875,152.64590454101563,111.63558959960938,131.61749267578126,173.31768798828126,203.50523376464845,213.5247802734375,210.419677734375,207.97044372558595,151.65802001953126,107.4713134765625,77.35760498046875,159.37957763671876,194.9906768798828,210.5807647705078,182.06552124023438,163.40475463867188],"forearmPronationSupinationQuatData":[],"elbowFlexionData":[15.136642456054688,13.581039428710938,13.506378173828125,19.65386962890625,23.9986572265625,21.573165893554689,11.165664672851563,20.6507568359375,23.20330810546875,23.617401123046876,25.4022216796875,23.899551391601564,23.4927978515625,14.586212158203125,12.544189453125,18.470016479492189,22.66015625,24.24505615234375,28.232681274414064,20.331893920898439,19.339202880859376,19.324172973632814],"shoulderAbductionFlexionData":[20.963790893554689,21.873550415039064,20.946868896484376,20.202346801757814,22.187484741210939,21.301925659179689,26.289840698242189,22.914810180664064,21.867507934570314,22.020095825195314,22.0850830078125,21.249908447265626,21.631240844726564,26.079696655273439,25.683517456054689,25.5518798828125,22.618377685546876,22.713592529296876,22.104644775390626,23.233474731445314,23.740615844726564,23.54083251953125],"shoulderAbductionData":[0.0,0.0,0.0,0.0,0.0,0.0,0.0,0.0,0.0,0.0,0.0,0.0,0.0,0.0,0.0,0.0,0.0,0.0,0.0,0.0,0.0,0.0,0.0,0.0,0.0,0.0,0.0,0.0,0.0,0.0,0.0,0.0,0.0,0.0,0.0,0.0,0.0,0.0,0.0,0.0,0.0,0.0,0.0,0.0,0.0,0.0,0.0,0.0,0.0,0.0,0.0,0.0,0.0,0.0,0.0,0.0,0.0,0.0,0.0,0.0,0.0,0.0,0.0,0.0,0.0,0.0,0.0,0.0,0.0,0.0,0.0,0.0,0.0,0.0,0.0,0.0,0.0,0.0,0.0,0.0,0.0,0.0,0.0,0.0,0.0,0.0,0.0,0.0,0.0,0.0,0.0,0.0,0.0,0.0,0.0,19.173171997070314,22.399093627929689,21.137451171875,20.957061767578126,20.22845458984375,18.646240234375,20.123611450195314,20.04815673828125,20.964096069335939,22.836410522460939,22.809951782226564,22.76898193359375,22.133407592773439,23.084381103515626,22.895553588867189,23.2371826171875,23.146759033203126,21.964569091796876,21.782119750976564,21.98785400390625,23.721588134765626,25.44464111328125,24.804275512695314,25.394561767578126,24.378890991210939,24.12164306640625,24.554458618164064,26.018539428710939,25.99444580078125,23.083786010742189,24.279571533203126,25.382659912109376,25.395904541015626,0.0,0.0,0.0,0.0,0.0,0.0,0.0,0.0,0.0,0.0,0.0,0.0,0.0,0.0,0.0,0.0,0.0,0.0,0.0,0.0,0.0,0.0,0.0,0.0,0.0,0.0,0.0,0.0,0.0,0.0,0.0,0.0,0.0,0.0,0.0,0.0,0.0,0.0,0.0,0.0,0.0,0.0,0.0,0.0,0.0,0.0,0.0,0.0,0.0,0.0,0.0,0.0,0.0,0.0,0.0,24.634994506835939,25.105316162109376,25.197860717773439,0.0,0.0,0.0,0.0,0.0,23.716262817382814,24.96728515625,0.0,24.70965576171875,23.987503051757814,0.0,0.0,0.0,0.0,0.0,0.0,0.0,0.0,0.0,0.0,0.0,0.0,0.0,0.0,0.0,0.0,0.0,0.0,0.0,0.0,0.0,0.0,0.0,0.0,0.0,0.0,0.0,0.0,0.0,0.0,0.0,0.0,0.0,0.0,0.0,0.0,0.0,0.0,0.0,0.0,0.0,0.0,0.0,0.0,0.0,0.0,0.0,0.0,0.0,0.0,0.0],"shoulderInternalRotationData":[-1.9940185546875,-1.3912582397460938,-1.7650222778320313,1.1760940551757813,4.5684051513671879,-1.5612335205078126,-3.4262466430664064,-3.5782928466796877,2.7150039672851564,7.4140167236328129,8.486366271972657,6.883293151855469,6.347496032714844,0.8728103637695313,-0.13933563232421876,4.0950775146484379,5.338371276855469,10.247871398925782,11.761062622070313,5.862396240234375,4.8104705810546879,3.6144943237304689],"shoulderExternalRotationData":[1.9940185546875,1.3912582397460938,1.7650222778320313,-1.1760940551757813,-4.5684051513671879,1.5612335205078126,3.4262466430664064,3.5782928466796877,-2.7150039672851564,-7.4140167236328129,-8.486366271972657,-6.883293151855469,-6.347496032714844,-0.8728103637695313,0.13933563232421876,-4.0950775146484379,-5.338371276855469,-10.247871398925782,-11.761062622070313,-5.862396240234375,-4.8104705810546879,-3.6144943237304689],