{"wristFlexionData":[-31.80169677734375,-32.93693542480469,-32.106597900390628,-32.196685791015628,-32.50489807128906,-36.3175048828125,-38.72303771972656,-40.48512268066406,-34.316864013671878,-28.933364868164064,-33.469085693359378,-29.146392822265626,-31.536773681640626],"wristExtensionData":[31.80169677734375,32.93693542480469,32.106597900390628,32.196685791015628,32.50489807128906,36.3175048828125,38.72303771972656,40.48512268066406,34.316864013671878,28.933364868164064,33.469085693359378,29.146392822265626,31.536773681640626],"forearmPronationData":[81.080810546875,81.8724365234375,81.21832275390625,81.68765258789063,78.2796630859375,83.11370849609375,65.05319213867188,21.340423583984376,315.53460693359377,288.16400146484377,284.3587646484375,283.4264221191406,280.0589904785156],"forearmSupinationData":[81.080810546875,81.8724365234375,81.21832275390625,81.68765258789063,78.2796630859375,83.11370849609375,65.05319213867188,21.340423583984376,315.53460693359377,288.16400146484377,284.3587646484375,283.4264221191406,280.0589904785156],"forearmPronationSupinationQuatData":[],"elbowFlexionData":[48.99615478515625,50.998382568359378,50.46791076660156,48.06022644042969,47.87982177734375,46.14884948730469,47.16850280761719,49.45001220703125,46.22142028808594,36.359588623046878,30.813873291015626,30.333816528320314,28.74554443359375],"shoulderAbductionFlexionData":[17.478805541992189,18.985107421875,18.964675903320314,17.616531372070314,18.037979125976564,26.316238403320314,38.8590087890625,53.47776794433594,69.40862274169922,86.77501678466797,95.23143005371094,100.06511688232422,99.96442413330078],"shoulderAbductionData":[0.0,0.0,0.0,0.0,0.0,0.0,0.0,0.0,0.0,30.48272705078125,36.50480651855469,41.54316711425781,49.488555908203128,60.57865905761719,67.96627044677735,72.88733673095703,78.97169494628906,81.37820434570313,82.9803695678711,0.0,0.0,0.0,0.0,0.0,17.892257690429689,32.66099548339844,43.692718505859378,58.436485290527347,78.00537872314453,89.89451599121094,98.57857513427735,103.19365692138672,105.84772491455078,106.16768646240235,0.0,0.0,0.0,0.0,18.073928833007814,29.83099365234375,40.977325439453128,59.39799499511719,77.69309997558594,84.41404724121094,93.7386245727539,100.78128051757813,102.21206665039063,101.2745590209961,101.37442016601563,0.0,0.0,0.0,0.0,0.0,26.316238403320314,38.8590087890625,53.47776794433594,69.40862274169922,86.77501678466797,95.23143005371094,100.06511688232422,99.96442413330078],"shoulderInternalRotationData":[3.3335647583007814,4.517791748046875,4.78863525390625,3.422210693359375,-5.416511535644531,-16.638916015625,-28.4947509765625,-33.65776062011719,-30.31566619873047,-27.817543029785158,-31.203536987304689,-24.879592895507814,-25.093101501464845],"shoulderExternalRotationData":[-3.3335647583007814,-4.517791748046875,-4.78863525390625,-3.422210693359375,5.416511535644531,16.638916015625,28.4947509765625,33.65776062011719,30.31566619873047,27.817543029785158,31.203536987304689,24.879592895507814,25.093101501464845],"shoulderFlexionData":[21.506256103515626,21.717132568359376,21.679031372070314,21.568191528320314,22.034530639648439,21.293533325195314,20.963180541992189,21.1510009765625,22.004806518554689,30.48272705078125,36.50480651855469,41.54316711425781,49.488555908203128,60.57865905761719,67.96627044677735,0.0,0.0,0.0,0.0,9.398422241210938,9.349655151367188,8.720611572265625,8.061752319335938,7.9452667236328129,17.892257690429689,32.66099548339844,43.692718505859378,58.436485290527347,78.00537872314453,89.89451599121094,98.57857513427735,103.19365692138672,105.84772491455078,106.16768646240235,8.828155517578125,9.71099853515625,9.744476318359375,11.674850463867188,18.073928833007814,29.83099365234375,40.977325439453128,59.39799499511719,77.69309997558594,84.41404724121094,93.7386245727539,100.78128051757813,102.21206665039063,101.2745590209961,101.37442016601563,17.478805541992189,18.985107421875,18.964675903320314,17.616531372070314,18.037979125976564,26.316238403320314,38.8590087890625,53.47776794433594,69.40862274169922,86.77501678466797,95.23143005371094,100.06511688232422,99.96442413330078],"shoulderHorizontalAbductionData":[8.096092224121094,8.358963012695313,8.186630249023438,7.3663177490234379,10.864555358886719,23.54937744140625,33.65381622314453,43.63325500488281,51.675048828125,54.477142333984378,51.17070007324219,48.97624206542969,46.318145751953128],"shoulderHorizontalAdductionData":[-8.096092224121094,-8.358963012695313,-8.186630249023438,-7.3663177490234379,-10.864555358886719,-23.54937744140625,-33.65381622314453,-43.63325500488281,-51.675048828125,-54.477142333984378,-51.17070007324219,-48.97624206542969,-46.318145751953128],"trunkTiltData":[0.07115483283996582,0.07569897174835205,0.07723778486251831,0.07660925388336182,0.07870244979858399,0.09028363227844238,0.09092891216278076,0.08941495418548584,0.11554399132728577,0.12373813986778259,0.127445250749588,0.15455690026283265,0.158351331949234],"thumbDistalLocationData":[],"thumbProximalLocationData":[],"thumbMetacarpalLocationData":[],"indexDistalLocationData":[],"indexProximalLocationData":[],"indexMetacarpalLocationData":[],"middleDistalLocationData":[],"middleProximalLocationData":[],"middleMetacarpalLocationData":[],"ringDistalLocationData":[],"ringProximalLocationData":[],"ringMetacarpalLocationData":[],"littleDistalLocationData":[],"littleProximalLocationData":[],"littleMetacarpalLocationData":[],"headLocationData":[],"wristLocationData":[],"armLowerLocationData":[],"armUpperLocationData":[]}