{"wristFlexionData":[-29.150283813476564,-31.019805908203126,-28.928192138671876,27.585464477539064,-24.606796264648439,29.025650024414064,-30.988677978515626,-31.553451538085939,27.040756225585939,-30.474929809570314,-36.401611328125,32.42326354980469,-31.567947387695314,31.362945556640626,30.826889038085939],"wristExtensionData":[29.150283813476564,31.019805908203126,28.928192138671876,-27.585464477539064,24.606796264648439,-29.025650024414064,30.988677978515626,31.553451538085939,-27.040756225585939,30.474929809570314,36.401611328125,-32.42326354980469,31.567947387695314,-31.362945556640626,-30.826889038085939],"forearmPronationData":[83.42474365234375,83.15255737304688,82.59136962890625,77.5347900390625,78.86834716796875,77.278564453125,57.62249755859375,16.712570190429689,304.74566650390627,284.4097900390625,282.1968994140625,274.54364013671877,274.3089599609375,269.3896789550781,273.7969970703125],"forearmSupinationData":[83.42474365234375,83.15255737304688,82.59136962890625,77.5347900390625,78.86834716796875,77.278564453125,57.62249755859375,16.712570190429689,304.74566650390627,284.4097900390625,282.1968994140625,274.54364013671877,274.3089599609375,269.3896789550781,273.7969970703125],"forearmPronationSupinationQuatData":[],"elbowFlexionData":[26.8148193359375,29.346282958984376,28.498703002929689,32.16375732421875,24.000808715820314,23.320770263671876,29.317855834960939,30.19549560546875,17.861679077148439,27.38275146484375,28.759796142578126,21.104644775390626,21.348968505859376,19.852203369140626,18.117050170898439],"shoulderAbductionFlexionData":[8.828155517578125,9.71099853515625,9.744476318359375,11.674850463867188,18.073928833007814,29.83099365234375,40.977325439453128,59.39799499511719,77.69309997558594,84.41404724121094,93.7386245727539,100.78128051757813,102.21206665039063,101.2745590209961,101.37442016601563],"shoulderAbductionData":[0.0,0.0,0.0,0.0,0.0,0.0,0.0,0.0,0.0,30.48272705078125,36.50480651855469,41.54316711425781,49.488555908203128,60.57865905761719,67.96627044677735,72.88733673095703,78.97169494628906,81.37820434570313,82.9803695678711,0.0,0.0,0.0,0.0,0.0,17.892257690429689,32.66099548339844,43.692718505859378,58.436485290527347,78.00537872314453,89.89451599121094,98.57857513427735,103.19365692138672,105.84772491455078,106.16768646240235,0.0,0.0,0.0,0.0,18.073928833007814,29.83099365234375,40.977325439453128,59.39799499511719,77.69309997558594,84.41404724121094,93.7386245727539,100.78128051757813,102.21206665039063,101.2745590209961,101.37442016601563],"shoulderInternalRotationData":[-3.3432388305664064,-5.157432556152344,-4.127128601074219,-7.90545654296875,-17.26544952392578,-30.54413604736328,-35.67893981933594,-36.62251281738281,-42.64617919921875,-39.77984619140625,-34.125,-36.99591064453125,-32.08930206298828,-30.841781616210939,-32.22749328613281],"shoulderExternalRotationData":[3.3432388305664064,5.157432556152344,4.127128601074219,7.90545654296875,17.26544952392578,30.54413604736328,35.67893981933594,36.62251281738281,42.64617919921875,39.77984619140625,34.125,36.99591064453125,32.08930206298828,30.841781616210939,32.22749328613281],"shoulderFlexionData":[21.506256103515626,21.717132568359376,21.679031372070314,21.568191528320314,22.034530639648439,21.293533325195314,20.963180541992189,21.1510009765625,22.004806518554689,30.48272705078125,36.50480651855469,41.54316711425781,49.488555908203128,60.57865905761719,67.96627044677735,0.0,0.0,0.0,0.0,9.398422241210938,9.349655151367188,8.720611572265625,8.061752319335938,7.9452667236328129,17.892257690429689,32.66099548339844,43.692718505859378,58.436485290527347,78.00537872314453,89.89451599121094,98.57857513427735,103.19365692138672,105.84772491455078,106.16768646240235,8.828155517578125,9.71099853515625,9.744476318359375,11.674850463867188,18.073928833007814,29.83099365234375,40.977325439453128,59.39799499511719,77.69309997558594,84.41404724121094,93.7386245727539,100.78128051757813,102.21206665039063,101.2745590209961,101.37442016601563],"shoulderHorizontalAbductionData":[7.673065185546875,7.1657562255859379,7.654960632324219,8.590187072753907,16.551185607910158,24.7742919921875,33.117919921875,42.35552978515625,48.71833801269531,53.02772521972656,53.28297424316406,51.79145812988281,48.912109375,46.713226318359378,46.0362548828125],"shoulderHorizontalAdductionData":[-7.673065185546875,-7.1657562255859379,-7.654960632324219,-8.590187072753907,-16.551185607910158,-24.7742919921875,-33.117919921875,-42.35552978515625,-48.71833801269531,-53.02772521972656,-53.28297424316406,-51.79145812988281,-48.912109375,-46.713226318359378,-46.0362548828125],"trunkTiltData":[0.06401646137237549,0.06339836120605469,0.06343412399291992,0.06735968589782715,0.06403934955596924,0.07710599899291992,0.06924283504486084,0.08153402805328369,0.07987582683563233,0.0824894905090332,0.10919144749641419,0.11029848456382752,0.12607595324516297,0.13528743386268617,0.13275685906410218],"thumbDistalLocationData":[],"thumbProximalLocationData":[],"thumbMetacarpalLocationData":[],"indexDistalLocationData":[],"indexProximalLocationData":[],"indexMetacarpalLocationData":[],"middleDistalLocationData":[],"middleProximalLocationData":[],"middleMetacarpalLocationData":[],"ringDistalLocationData":[],"ringProximalLocationData":[],"ringMetacarpalLocationData":[],"littleDistalLocationData":[],"littleProximalLocationData":[],"littleMetacarpalLocationData":[],"headLocationData":[],"wristLocationData":[],"armLowerLocationData":[],"armUpperLocationData":[]}