{"wristFlexionData":[-20.046585083007814,-20.505645751953126,-20.7083740234375,-20.703857421875,-52.323951721191409,-62.69342803955078,-59.57731628417969,58.746490478515628,66.33897399902344,39.15525817871094,-25.508270263671876,-34.74806213378906,-45.03126525878906,-67.09918212890625,61.25763702392578,63.803184509277347,64.56604766845703,58.165771484375,13.100830078125,-20.990402221679689,-17.760025024414064],"wristExtensionData":[20.046585083007814,20.505645751953126,20.7083740234375,20.703857421875,52.323951721191409,62.69342803955078,59.57731628417969,-58.746490478515628,-66.33897399902344,-39.15525817871094,25.508270263671876,34.74806213378906,45.03126525878906,67.09918212890625,-61.25763702392578,-63.803184509277347,-64.56604766845703,-58.165771484375,-13.100830078125,20.990402221679689,17.760025024414064],"forearmPronationData":[164.31649780273438,163.953857421875,163.4378662109375,182.98721313476563,223.30014038085938,217.01559448242188,155.8348388671875,108.97958374023438,78.46881103515625,131.37066650390626,196.9037322998047,200.38015747070313,209.9169921875,193.16741943359376,144.26470947265626,111.49789428710938,81.55093383789063,90.16802978515625,174.146728515625,202.6859130859375,200.99014282226563],"forearmSupinationData":[164.31649780273438,163.953857421875,163.4378662109375,182.98721313476563,223.30014038085938,217.01559448242188,155.8348388671875,108.97958374023438,78.46881103515625,131.37066650390626,196.9037322998047,200.38015747070313,209.9169921875,193.16741943359376,144.26470947265626,111.49789428710938,81.55093383789063,90.16802978515625,174.146728515625,202.6859130859375,200.99014282226563],"forearmPronationSupinationQuatData":[],"elbowFlexionData":[47.44453430175781,47.66539001464844,48.00810241699219,55.00043487548828,57.768150329589847,47.09735107421875,44.01432800292969,44.372039794921878,50.328033447265628,57.26017761230469,58.72149658203125,53.71501922607422,53.004051208496097,37.80601501464844,40.22636413574219,43.02467346191406,50.94859313964844,52.76741027832031,52.96820831298828,53.85295867919922,52.74413299560547],"shoulderAbductionFlexionData":[21.824066162109376,22.964691162109376,22.642227172851564,23.218368530273439,23.1895751953125,20.75103759765625,23.199737548828126,22.6285400390625,22.11968994140625,22.493499755859376,21.961318969726564,23.406417846679689,23.334915161132814,22.51080322265625,22.175888061523439,21.017257690429689,20.3665771484375,20.229690551757814,19.888458251953126,20.9185791015625,21.514068603515626],"shoulderAbductionData":[0.0,0.0,0.0,0.0,0.0,0.0,0.0,0.0,0.0,0.0,0.0,0.0,0.0,0.0,0.0,0.0,0.0,0.0,0.0,0.0,0.0,0.0,0.0,0.0,0.0,0.0,0.0,0.0,0.0,0.0,0.0,0.0,0.0,0.0,0.0,0.0,0.0,0.0,0.0,0.0,0.0,0.0,0.0,0.0,0.0,0.0,0.0,0.0,0.0,0.0,0.0,0.0,0.0,0.0,0.0,0.0,0.0,0.0,0.0,0.0,0.0,0.0,0.0,0.0,0.0,0.0,0.0,0.0,0.0,0.0,0.0,0.0,0.0,0.0,0.0,0.0,0.0,0.0,0.0,0.0,0.0,0.0,0.0,0.0,0.0,0.0,0.0,0.0,0.0,0.0,0.0,0.0,0.0,0.0,0.0,19.173171997070314,22.399093627929689,21.137451171875,20.957061767578126,20.22845458984375,18.646240234375,20.123611450195314,20.04815673828125,20.964096069335939,22.836410522460939,22.809951782226564,22.76898193359375,22.133407592773439,23.084381103515626,22.895553588867189,23.2371826171875,23.146759033203126,21.964569091796876,21.782119750976564,21.98785400390625,23.721588134765626,25.44464111328125,24.804275512695314,25.394561767578126,24.378890991210939,24.12164306640625,24.554458618164064,26.018539428710939,25.99444580078125,23.083786010742189,24.279571533203126,25.382659912109376,25.395904541015626,0.0,0.0,0.0,0.0,0.0,0.0,0.0,0.0,0.0,0.0,0.0,0.0,0.0,0.0,0.0,0.0,0.0,0.0,0.0,0.0,0.0,0.0,0.0,0.0,0.0,0.0,0.0,0.0,0.0,0.0,0.0,0.0,0.0,0.0,0.0,0.0,0.0,0.0,0.0,0.0,0.0,0.0,0.0,0.0,0.0,0.0,0.0,0.0,0.0,0.0,0.0,0.0,0.0,0.0,0.0,24.634994506835939,25.105316162109376,25.197860717773439,0.0,0.0,0.0,0.0,0.0,23.716262817382814,24.96728515625,0.0,24.70965576171875,23.987503051757814,0.0,0.0,0.0,0.0,0.0,0.0,0.0,0.0,0.0,0.0,0.0,0.0,0.0,0.0,0.0,0.0,0.0,0.0,0.0,0.0,0.0,0.0,0.0,0.0,0.0,0.0,0.0,0.0,0.0,0.0,0.0,0.0,0.0,0.0,0.0,0.0,0.0,0.0,0.0,0.0,0.0,0.0,0.0,0.0,0.0,0.0,0.0,0.0,0.0,0.0,0.0,0.0,0.0,0.0,0.0,0.0,0.0,0.0,0.0,0.0,0.0,0.0,0.0,0.0,0.0,0.0,0.0,0.0,23.253326416015626,22.784088134765626,0.0,21.313232421875,20.7799072265625,21.824066162109376,22.964691162109376,22.642227172851564,23.218368530273439,23.1895751953125,20.75103759765625,23.199737548828126,22.6285400390625,22.11968994140625,22.493499755859376,21.961318969726564,23.406417846679689,23.334915161132814,0.0,22.175888061523439,21.017257690429689,20.3665771484375,20.229690551757814,19.888458251953126,20.9185791015625,21.514068603515626],"shoulderInternalRotationData":[14.777854919433594,15.302474975585938,15.610633850097657,20.59252166748047,20.690948486328126,14.72491455078125,10.489723205566407,8.713485717773438,12.72906494140625,20.711997985839845,22.698989868164064,22.50139617919922,21.716964721679689,16.353057861328126,11.468559265136719,11.853889465332032,13.568649291992188,17.08582305908203,18.562171936035158,20.363990783691408,19.810867309570314],"shoulderExternalRotationData":[-14.777854919433594,-15.302474975585938,-15.610633850097657,-20.59252166748047,-20.690948486328126,-14.72491455078125,-10.489723205566407,-8.713485717773438,-12.72906494140625,-20.711997985839845,-22.698989868164064,-22.50139617919922,-21.716964721679689,-16.353057861328126,-11.468559265136719,-11.853889465332032,-13.568649291992188,-17.08582305908203,-18.562171936035158,-20.363990783691408,-19.810867309570314],