{"wristFlexionData":[33.570648193359378,32.982330322265628,32.56605529785156,32.1622314453125,32.16062927246094,31.810943603515626,31.57147216796875,31.529388427734376,31.341751098632814,43.00213623046875,46.43132019042969,43.330078125,39.85395812988281,41.89561462402344,35.083892822265628,33.980560302734378,31.251129150390626,32.452606201171878,30.771286010742189,29.567367553710939,27.96478271484375,27.569808959960939,27.96783447265625,29.408828735351564,30.844268798828126,31.154312133789064],"wristExtensionData":[-33.570648193359378,-32.982330322265628,-32.56605529785156,-32.1622314453125,-32.16062927246094,-31.810943603515626,-31.57147216796875,-31.529388427734376,-31.341751098632814,-43.00213623046875,-46.43132019042969,-43.330078125,-39.85395812988281,-41.89561462402344,-35.083892822265628,-33.980560302734378,-31.251129150390626,-32.452606201171878,-30.771286010742189,-29.567367553710939,-27.96478271484375,-27.569808959960939,-27.96783447265625,-29.408828735351564,-30.844268798828126,-31.154312133789064],"forearmPronationData":[-94.31846618652344,-94.63119506835938,-93.66365814208985,-98.26085662841797,-99.32999420166016,-96.4783935546875,-100.81684112548828,-99.37896728515625,-101.4346923828125,-93.53134155273438,-90.37083435058594,-88.43089294433594,-79.4959487915039,-76.88086700439453,-69.6920394897461,-57.37956619262695,-5.729825973510742,-359.6109619140625,-346.5135192871094,-355.55767822265627,-335.9041442871094,-319.5774230957031,-328.2561950683594,-347.4960021972656,-318.1155700683594,-268.4676513671875],"forearmSupinationData":[94.31846618652344,94.63119506835938,93.66365814208985,98.26085662841797,99.32999420166016,96.4783935546875,100.81684112548828,99.37896728515625,101.4346923828125,93.53134155273438,90.37083435058594,88.43089294433594,79.4959487915039,76.88086700439453,69.6920394897461,57.37956619262695,5.729825973510742,359.6109619140625,346.5135192871094,355.55767822265627,335.9041442871094,319.5774230957031,328.2561950683594,347.4960021972656,318.1155700683594,268.4676513671875],"forearmPronationSupinationQuatData":[],"elbowFlexionData":[156.0236358642578,152.50726318359376,151.18658447265626,156.27215576171876,159.05401611328126,160.9423828125,157.62144470214845,153.63531494140626,159.926513671875,151.98538208007813,151.87384033203126,154.7698974609375,159.27511596679688,161.15756225585938,167.94760131835938,168.28817749023438,168.3309783935547,168.85984802246095,170.51133728027345,171.95745849609376,173.0751953125,172.48109436035157,171.4918975830078,170.52503967285157,167.614501953125,166.67332458496095],"shoulderAbductionFlexionData":[25.296554565429689,25.646377563476564,23.866989135742189,25.00897216796875,23.228668212890626,21.904769897460939,19.486068725585939,15.695297241210938,9.82904052734375,9.776351928710938,15.881179809570313,24.92230224609375,33.7249755859375,42.9503173828125,51.89378356933594,57.03209686279297,61.169158935546878,62.816261291503909,62.67682647705078,63.142555236816409,64.20407104492188,64.47368621826172,63.738609313964847,63.86631774902344,63.33252716064453,63.00543975830078],"shoulderAbductionData":[82.71862030029297,82.9866943359375,83.18683624267578,82.57500457763672,81.76458740234375,81.98436737060547,82.23966217041016,82.55269622802735,82.33767700195313,80.75128936767578,80.8467025756836,80.52809143066406,80.48635864257813,80.2142105102539,80.59535217285156,80.37171173095703,79.87665557861328,79.78140258789063,79.67118072509766,63.07416534423828,60.95001983642578,57.009803771972659,51.82867431640625,48.77227783203125,0.0,0.0,0.0,0.0,0.0,0.0,0.0,0.0,0.0,0.0,0.0,0.0,0.0,0.0,0.0,0.0,0.0,0.0,0.0,0.0,0.0,0.0,0.0,0.0,0.0,0.0,0.0,0.0,0.0,0.0,0.0,57.61378479003906,61.32860565185547,58.74854278564453,58.833984375,60.67487335205078,58.68218994140625,60.71631622314453,59.981117248535159,58.12510681152344,62.52623748779297,62.3443603515625,61.53437042236328,64.86717224121094,63.70933532714844,63.527198791503909,62.414756774902347,57.87364959716797,52.98499298095703,47.51164245605469,43.5281982421875,0.0,0.0,0.0,0.0,0.0,0.0,0.0,0.0,0.0,0.0,0.0,0.0,0.0,0.0,0.0,0.0,0.0,0.0,0.0,0.0,0.0,0.0,0.0,0.0,0.0,0.0,65.10326385498047,64.87821197509766,64.70103454589844,63.712554931640628,64.08448791503906,64.77972412109375,65.57154083251953,64.4084701538086,60.63594055175781,60.928863525390628,57.081398010253909,53.10260772705078,49.286590576171878,45.20957946777344,38.91847229003906,28.781112670898439,23.937469482421876,22.341766357421876,20.725860595703126,19.274459838867189,17.656463623046876,0.0,0.0,0.0,0.0,0.0,0.0,0.0,0.0,0.0,0.0,0.0,0.0,0.0,16.465805053710939,0.0,0.0,17.426528930664064,90.4735336303711,88.47444915771485,85.95484924316406,85.14348602294922,83.05155944824219,69.38514709472656,67.24588012695313,62.77361297607422,57.562713623046878,54.102943420410159,49.72035217285156,47.78187561035156,48.445953369140628,45.51417541503906,42.40830993652344,40.71641540527344,37.48765563964844,34.09661865234375,29.38671875,24.63848876953125,21.502105712890626,0.0,0.0,0.0,0.0,0.0,0.0,0.0,0.0,0.0,0.0,0.0,0.0,0.0,0.0,0.0,0.0,0.0,0.0,0.0,0.0,0.0,0.0,9.223007202148438,0.0,0.0,0.0,0.0,0.0,0.0,0.0,0.0,0.0,0.0,0.0,0.0,0.0,0.0,0.0,0.0,0.0,0.0,0.0,0.0,0.0,0.0,0.0,0.0,0.0,0.0],"shoulderInternalRotationData":[-5.1101531982421879,-2.9131240844726564,-1.0068435668945313,-5.3563385009765629,-5.402740478515625,-4.723541259765625,-4.1458740234375,-3.1649169921875,-4.278297424316406,0.993133544921875,2.350372314453125,2.713470458984375,-4.44573974609375,-7.802803039550781,-5.256988525390625,-2.8408737182617189,-0.8379898071289063,0.6740646362304688,1.5920257568359376,1.527923583984375,2.831695556640625,2.377044677734375,0.9796295166015625,1.35089111328125,-0.4656829833984375,-2.4261703491210939],"shoulderExternalRotationData":[5.1101531982421879,2.9131240844726564,1.0068435668945313,5.3563385009765629,5.402740478515625,4.723541259765625,4.1458740234375,3.1649169921875,4.278297424316406,-0.993133544921875,-2.350372314453125,-2.713470458984375,4.44573974609375,7.802803039550781,5.256988525390625,2.8408737182617189,0.8379898071289063,-0.6740646362304688,-1.5920257568359376,-1.527923583984375,-2.831695556640625,-2.377044677734375,-0.9796295166015625,-1.35089111328125,0.4656829833984375,2.4261703491210939],