{"wristFlexionData":[-17.266998291015626,-17.436813354492189,-18.20892333984375,-18.6190185546875,-19.015396118164064,-19.598098754882814,-19.652984619140626,-19.951583862304689,-20.172744750976564,-20.495391845703126,-20.260284423828126,-20.364959716796876,-20.83673095703125,-20.90618896484375,-20.992584228515626,-21.166641235351564,-20.960708618164064,-21.129928588867189,-21.401412963867189,42.03840637207031,42.733489990234378,43.49986267089844,41.365509033203128,40.506927490234378,39.084320068359378,32.801361083984378,38.46992492675781,37.25120544433594,46.46697998046875,52.14336395263672,43.31117248535156,39.12290954589844,45.35870361328125,44.8587646484375,48.86402893066406,47.352691650390628,47.059661865234378,41.69258117675781,41.38053894042969,39.227691650390628,38.92927551269531,38.790008544921878,38.783721923828128,39.47279357910156,38.58528137207031,39.10078430175781,37.816253662109378,38.57344055175781,38.654541015625,38.6053466796875,38.763885498046878,38.65211486816406,37.85401916503906,37.48222351074219,38.492340087890628],"wristExtensionData":[17.266998291015626,17.436813354492189,18.20892333984375,18.6190185546875,19.015396118164064,19.598098754882814,19.652984619140626,19.951583862304689,20.172744750976564,20.495391845703126,20.260284423828126,20.364959716796876,20.83673095703125,20.90618896484375,20.992584228515626,21.166641235351564,20.960708618164064,21.129928588867189,21.401412963867189,-42.03840637207031,-42.733489990234378,-43.49986267089844,-41.365509033203128,-40.506927490234378,-39.084320068359378,-32.801361083984378,-38.46992492675781,-37.25120544433594,-46.46697998046875,-52.14336395263672,-43.31117248535156,-39.12290954589844,-45.35870361328125,-44.8587646484375,-48.86402893066406,-47.352691650390628,-47.059661865234378,-41.69258117675781,-41.38053894042969,-39.227691650390628,-38.92927551269531,-38.790008544921878,-38.783721923828128,-39.47279357910156,-38.58528137207031,-39.10078430175781,-37.816253662109378,-38.57344055175781,-38.654541015625,-38.6053466796875,-38.763885498046878,-38.65211486816406,-37.85401916503906,-37.48222351074219,-38.492340087890628],"forearmPronationData":[-213.20977783203126,-215.0686492919922,-215.7549591064453,-218.02401733398438,-219.0988311767578,-220.18690490722657,-221.0329132080078,-222.04135131835938,-223.12161254882813,-224.23287963867188,-227.80596923828126,-229.945068359375,-227.23867797851563,-228.29232788085938,-227.50576782226563,-227.5757293701172,-228.23284912109376,-228.18577575683595,-228.09649658203126,-245.45645141601563,-250.14584350585938,-101.74771118164063,-333.7017517089844,-13.903831481933594,-83.05520629882813,-148.0810089111328,-132.5167999267578,-123.05460357666016,-112.24417114257813,-111.16478729248047,-127.3358154296875,-129.62948608398438,-130.77110290527345,-132.82630920410157,-131.54049682617188,-135.69187927246095,-135.62774658203126,-143.5599365234375,-143.27793884277345,-143.99044799804688,-144.54580688476563,-144.11859130859376,-142.7085418701172,-141.37408447265626,-141.50836181640626,-142.62684631347657,-143.0494842529297,-142.8170623779297,-141.92379760742188,-141.19227600097657,-141.56442260742188,-141.3083953857422,-141.27003479003907,-141.96743774414063,-141.51296997070313],"forearmSupinationData":[213.20977783203126,215.0686492919922,215.7549591064453,218.02401733398438,219.0988311767578,220.18690490722657,221.0329132080078,222.04135131835938,223.12161254882813,224.23287963867188,227.80596923828126,229.945068359375,227.23867797851563,228.29232788085938,227.50576782226563,227.5757293701172,228.23284912109376,228.18577575683595,228.09649658203126,245.45645141601563,250.14584350585938,101.74771118164063,333.7017517089844,13.903831481933594,83.05520629882813,148.0810089111328,132.5167999267578,123.05460357666016,112.24417114257813,111.16478729248047,127.3358154296875,129.62948608398438,130.77110290527345,132.82630920410157,131.54049682617188,135.69187927246095,135.62774658203126,143.5599365234375,143.27793884277345,143.99044799804688,144.54580688476563,144.11859130859376,142.7085418701172,141.37408447265626,141.50836181640626,142.62684631347657,143.0494842529297,142.8170623779297,141.92379760742188,141.19227600097657,141.56442260742188,141.3083953857422,141.27003479003907,141.96743774414063,141.51296997070313],"forearmPronationSupinationQuatData":[],"elbowFlexionData":[80.2340087890625,80.85365295410156,80.78761291503906,81.30571746826172,80.51995849609375,85.42706298828125,83.87589263916016,83.83259582519531,83.8957290649414,85.2680892944336,86.369873046875,85.60968017578125,86.75222778320313,86.32521057128906,87.14793395996094,87.20561981201172,86.97772216796875,86.5671157836914,86.92073059082031,77.82311248779297,83.22964477539063,86.22677612304688,93.18719482421875,98.12654113769531,106.5407943725586,113.55040740966797,122.80412292480469,130.7256622314453,130.6261749267578,136.67356872558595,140.9593963623047,148.93307495117188,149.07078552246095,152.30740356445313,148.98411560058595,148.6157684326172,149.714599609375,151.01541137695313,152.31741333007813,154.7137908935547,154.59413146972657,154.65499877929688,153.60227966308595,153.29283142089845,153.24815368652345,153.13137817382813,154.6497039794922,153.36976623535157,153.39698791503907,153.6629638671875,153.6334228515625,153.75132751464845,153.2681884765625,153.4018096923828,154.09829711914063],"shoulderAbductionFlexionData":[82.71862030029297,82.9866943359375,83.18683624267578,82.57500457763672,81.76458740234375,81.98436737060547,82.23966217041016,82.55269622802735,82.33767700195313,80.75128936767578,80.8467025756836,80.52809143066406,80.48635864257813,80.2142105102539,80.59535217285156,80.37171173095703,79.87665557861328,79.78140258789063,79.67118072509766,63.07416534423828,60.95001983642578,57.009803771972659,51.82867431640625,48.77227783203125,48.68803405761719,47.457611083984378,41.53094482421875,35.457000732421878,29.41558837890625,24.668502807617189,22.177261352539064,21.37945556640625,20.14056396484375,18.618148803710939,16.453201293945314,14.435195922851563,15.048171997070313,15.9884033203125,17.36004638671875,16.796463012695314,15.15155029296875,14.719635009765625,14.641571044921875,13.743804931640625,14.014205932617188,14.470916748046875,14.640335083007813,13.884994506835938,13.768951416015625,13.922821044921875,13.670318603515625,13.558990478515625,13.145263671875,13.242507934570313,13.627059936523438],"shoulderAbductionData":[82.71862030029297,82.9866943359375,83.18683624267578,82.57500457763672,81.76458740234375,81.98436737060547,82.23966217041016,82.55269622802735,82.33767700195313,80.75128936767578,80.8467025756836,80.52809143066406,80.48635864257813,80.2142105102539,80.59535217285156,80.37171173095703,79.87665557861328,79.78140258789063,79.67118072509766,63.07416534423828,60.95001983642578,57.009803771972659,51.82867431640625,48.77227783203125,0.0,0.0,0.0,0.0,0.0,0.0,0.0,0.0,0.0,0.0,0.0,0.0,0.0,0.0,0.0,0.0,0.0,0.0,0.0,0.0,0.0,0.0,0.0,0.0,0.0,0.0,0.0,0.0,0.0,0.0,0.0],