{"wristFlexionData":[-39.783538818359378,-39.6434326171875,-40.71714782714844,-39.11506652832031,-39.05316162109375,-43.36042785644531,41.68022155761719,41.79948425292969,44.71241760253906,42.824493408203128,44.962371826171878,45.361663818359378,42.58515930175781,39.90618896484375,42.26637268066406,55.40409851074219,47.63945007324219,43.082977294921878,45.65751647949219,44.465118408203128,37.862579345703128,34.275848388671878,34.6361083984375,31.728073120117189,29.831863403320314,31.497100830078126,30.525588989257814,28.287338256835939,29.480438232421876,28.430831909179689,29.633941650390626,28.891998291015626,28.830535888671876,29.196548461914064,28.3797607421875,28.8428955078125,29.87664794921875,29.845977783203126],"wristExtensionData":[39.783538818359378,39.6434326171875,40.71714782714844,39.11506652832031,39.05316162109375,43.36042785644531,-41.68022155761719,-41.79948425292969,-44.71241760253906,-42.824493408203128,-44.962371826171878,-45.361663818359378,-42.58515930175781,-39.90618896484375,-42.26637268066406,-55.40409851074219,-47.63945007324219,-43.082977294921878,-45.65751647949219,-44.465118408203128,-37.862579345703128,-34.275848388671878,-34.6361083984375,-31.728073120117189,-29.831863403320314,-31.497100830078126,-30.525588989257814,-28.287338256835939,-29.480438232421876,-28.430831909179689,-29.633941650390626,-28.891998291015626,-28.830535888671876,-29.196548461914064,-28.3797607421875,-28.8428955078125,-29.87664794921875,-29.845977783203126],"forearmPronationData":[-73.65455627441406,-75.5154800415039,-82.3756332397461,-94.09122467041016,-94.46134948730469,-61.30669403076172,-329.6744689941406,-275.2413635253906,-265.193115234375,-303.1381530761719,-297.763671875,-298.9803771972656,-296.4051513671875,-295.28363037109377,-295.452392578125,-288.25634765625,-295.396484375,-298.9547119140625,-297.48651123046877,-298.7663879394531,-307.1361083984375,-307.98797607421877,-311.3171081542969,-313.0950927734375,-312.6248474121094,-309.7468566894531,-310.0643005371094,-311.029541015625,-310.54473876953127,-311.5198669433594,-310.56500244140627,-311.30987548828127,-311.13616943359377,-310.9229736328125,-311.4043884277344,-311.3947448730469,-311.61834716796877,-311.5233154296875],"forearmSupinationData":[73.65455627441406,75.5154800415039,82.3756332397461,94.09122467041016,94.46134948730469,61.30669403076172,329.6744689941406,275.2413635253906,265.193115234375,303.1381530761719,297.763671875,298.9803771972656,296.4051513671875,295.28363037109377,295.452392578125,288.25634765625,295.396484375,298.9547119140625,297.48651123046877,298.7663879394531,307.1361083984375,307.98797607421877,311.3171081542969,313.0950927734375,312.6248474121094,309.7468566894531,310.0643005371094,311.029541015625,310.54473876953127,311.5198669433594,310.56500244140627,311.30987548828127,311.13616943359377,310.9229736328125,311.4043884277344,311.3947448730469,311.61834716796877,311.5233154296875],"forearmPronationSupinationQuatData":[],"elbowFlexionData":[116.69530487060547,116.83238983154297,117.90894317626953,119.13175964355469,118.54190826416016,116.60234832763672,104.07362365722656,97.24822235107422,91.61650085449219,80.38358306884766,75.91168212890625,75.72693634033203,68.2176513671875,66.25091552734375,59.627220153808597,54.054481506347659,47.51210021972656,42.38787841796875,41.92420959472656,41.82835388183594,36.67646789550781,35.69378662109375,36.09861755371094,34.097259521484378,32.23707580566406,31.49639892578125,31.992141723632814,30.839065551757814,32.01502990722656,32.1611328125,32.930450439453128,33.05128479003906,33.21467590332031,33.5284423828125,34.47157287597656,34.39991760253906,35.39289855957031,35.646148681640628],"shoulderAbductionFlexionData":[65.10326385498047,64.87821197509766,64.70103454589844,63.712554931640628,64.08448791503906,64.77972412109375,65.57154083251953,64.4084701538086,60.63594055175781,60.928863525390628,57.081398010253909,53.10260772705078,49.286590576171878,45.20957946777344,38.91847229003906,28.781112670898439,23.937469482421876,22.341766357421876,20.725860595703126,19.274459838867189,17.656463623046876,18.006454467773439,17.526412963867189,14.880218505859375,13.532516479492188,14.294692993164063,15.73876953125,16.504364013671876,15.415573120117188,14.958328247070313,15.217208862304688,15.667327880859375,15.184371948242188,14.5975341796875,16.465805053710939,16.268722534179689,15.842483520507813,17.426528930664064],"shoulderAbductionData":[82.71862030029297,82.9866943359375,83.18683624267578,82.57500457763672,81.76458740234375,81.98436737060547,82.23966217041016,82.55269622802735,82.33767700195313,80.75128936767578,80.8467025756836,80.52809143066406,80.48635864257813,80.2142105102539,80.59535217285156,80.37171173095703,79.87665557861328,79.78140258789063,79.67118072509766,63.07416534423828,60.95001983642578,57.009803771972659,51.82867431640625,48.77227783203125,0.0,0.0,0.0,0.0,0.0,0.0,0.0,0.0,0.0,0.0,0.0,0.0,0.0,0.0,0.0,0.0,0.0,0.0,0.0,0.0,0.0,0.0,0.0,0.0,0.0,0.0,0.0,0.0,0.0,0.0,0.0,57.61378479003906,61.32860565185547,58.74854278564453,58.833984375,60.67487335205078,58.68218994140625,60.71631622314453,59.981117248535159,58.12510681152344,62.52623748779297,62.3443603515625,61.53437042236328,64.86717224121094,63.70933532714844,63.527198791503909,62.414756774902347,57.87364959716797,52.98499298095703,47.51164245605469,43.5281982421875,0.0,0.0,0.0,0.0,0.0,0.0,0.0,0.0,0.0,0.0,0.0,0.0,0.0,0.0,0.0,0.0,0.0,0.0,0.0,0.0,0.0,0.0,0.0,0.0,0.0,0.0,65.10326385498047,64.87821197509766,64.70103454589844,63.712554931640628,64.08448791503906,64.77972412109375,65.57154083251953,64.4084701538086,60.63594055175781,60.928863525390628,57.081398010253909,53.10260772705078,49.286590576171878,45.20957946777344,38.91847229003906,28.781112670898439,23.937469482421876,22.341766357421876,20.725860595703126,19.274459838867189,17.656463623046876,0.0,0.0,0.0,0.0,0.0,0.0,0.0,0.0,0.0,0.0,0.0,0.0,0.0,16.465805053710939,0.0,0.0,17.426528930664064],"shoulderInternalRotationData":[47.7805290222168,47.74382400512695,48.26905822753906,48.04345703125,48.9940299987793,48.856380462646487,50.121681213378909,52.033199310302737,49.467586517333987,48.09028625488281,47.028465270996097,44.37853240966797,40.391136169433597,40.16773986816406,36.12332534790039,29.55350112915039,22.805389404296876,17.507400512695314,15.356803894042969,14.339096069335938,11.022659301757813,12.493476867675782,13.203392028808594,11.424736022949219,8.567642211914063,7.635475158691406,10.113059997558594,9.717506408691407,8.479660034179688,9.292572021484375,9.852920532226563,10.177940368652344,9.960334777832032,11.008354187011719,12.026832580566407,11.656715393066407,10.997062683105469,11.284797668457032],"shoulderExternalRotationData":[-47.7805290222168,-47.74382400512695,-48.26905822753906,-48.04345703125,-48.9940299987793,-48.856380462646487,-50.121681213378909,-52.033199310302737,-49.467586517333987,-48.09028625488281,-47.028465270996097,-44.37853240966797,-40.391136169433597,-40.16773986816406,-36.12332534790039,-29.55350112915039,-22.805389404296876,-17.507400512695314,-15.356803894042969,-14.339096069335938,-11.022659301757813,-12.493476867675782,-13.203392028808594,-11.424736022949219,-8.567642211914063,-7.635475158691406,-10.113059997558594,-9.717506408691407,-8.479660034179688,-9.292572021484375,-9.852920532226563,-10.177940368652344,-9.960334777832032,-11.008354187011719,-12.026832580566407,-11.656715393066407,-10.997062683105469,-11.284797668457032],