{"wristFlexionData":[40.83184814453125,38.32801818847656,37.20698547363281,38.81312561035156,37.495361328125,37.277191162109378,37.292327880859378,37.748687744140628,40.644927978515628,38.40338134765625,38.44837951660156,41.353912353515628,42.12110900878906,41.75592041015625,43.703887939453128,41.954345703125,40.752838134765628,43.316497802734378,39.19779968261719,33.15110778808594,33.93159484863281,33.522186279296878,44.20234680175781,37.14323425292969,38.1282958984375,33.52313232421875,34.91749572753906,35.56147766113281,35.013092041015628,32.14288330078125,30.8861083984375,28.530014038085939,30.955810546875,29.377655029296876,28.55889892578125,27.254425048828126,25.75006103515625,24.946563720703126,26.408599853515626,25.76519775390625,25.673202514648439,25.658538818359376,25.231491088867189,26.259918212890626,25.965087890625,24.136459350585939],"wristExtensionData":[-40.83184814453125,-38.32801818847656,-37.20698547363281,-38.81312561035156,-37.495361328125,-37.277191162109378,-37.292327880859378,-37.748687744140628,-40.644927978515628,-38.40338134765625,-38.44837951660156,-41.353912353515628,-42.12110900878906,-41.75592041015625,-43.703887939453128,-41.954345703125,-40.752838134765628,-43.316497802734378,-39.19779968261719,-33.15110778808594,-33.93159484863281,-33.522186279296878,-44.20234680175781,-37.14323425292969,-38.1282958984375,-33.52313232421875,-34.91749572753906,-35.56147766113281,-35.013092041015628,-32.14288330078125,-30.8861083984375,-28.530014038085939,-30.955810546875,-29.377655029296876,-28.55889892578125,-27.254425048828126,-25.75006103515625,-24.946563720703126,-26.408599853515626,-25.76519775390625,-25.673202514648439,-25.658538818359376,-25.231491088867189,-26.259918212890626,-25.965087890625,-24.136459350585939],"forearmPronationData":[-130.68785095214845,-115.84744262695313,-123.98381042480469,-123.14813232421875,-118.04173278808594,-122.9052505493164,-114.71489715576172,-113.8558578491211,-126.54877471923828,-90.96929931640625,-87.12477111816406,-78.69734191894531,-30.601470947265626,-78.38833618164063,-140.93008422851563,-163.39915466308595,-294.977294921875,-270.9497375488281,-268.30126953125,-271.0656433105469,-306.9010314941406,-304.3591613769531,-297.0057678222656,-309.7852783203125,-317.0590515136719,-322.7919006347656,-319.7789001464844,-321.0592041015625,-320.8050537109375,-321.6273193359375,-323.85870361328127,-324.3028259277344,-324.80560302734377,-323.82281494140627,-322.3345031738281,-322.5198059082031,-322.8004150390625,-322.81109619140627,-321.84222412109377,-322.16912841796877,-322.3044128417969,-323.3135986328125,-323.5931396484375,-323.45849609375,-323.7338562011719,-323.3850402832031],"forearmSupinationData":[130.68785095214845,115.84744262695313,123.98381042480469,123.14813232421875,118.04173278808594,122.9052505493164,114.71489715576172,113.8558578491211,126.54877471923828,90.96929931640625,87.12477111816406,78.69734191894531,30.601470947265626,78.38833618164063,140.93008422851563,163.39915466308595,294.977294921875,270.9497375488281,268.30126953125,271.0656433105469,306.9010314941406,304.3591613769531,297.0057678222656,309.7852783203125,317.0590515136719,322.7919006347656,319.7789001464844,321.0592041015625,320.8050537109375,321.6273193359375,323.85870361328127,324.3028259277344,324.80560302734377,323.82281494140627,322.3345031738281,322.5198059082031,322.8004150390625,322.81109619140627,321.84222412109377,322.16912841796877,322.3044128417969,323.3135986328125,323.5931396484375,323.45849609375,323.7338562011719,323.3850402832031],"forearmPronationSupinationQuatData":[],"elbowFlexionData":[117.7836685180664,117.32752227783203,117.79811096191406,117.72999572753906,116.35243225097656,115.95381927490235,115.59586334228516,114.54901885986328,115.6290283203125,114.3213882446289,113.56877899169922,112.41281127929688,107.44430541992188,102.25119018554688,100.53276824951172,97.22821807861328,87.63311004638672,76.77976989746094,65.58772277832031,59.02288055419922,53.928802490234378,51.08551025390625,46.06718444824219,35.935333251953128,34.2777099609375,33.54670715332031,30.275192260742189,36.662200927734378,33.73133850097656,32.0006103515625,27.875259399414064,24.558853149414064,26.399459838867189,22.2808837890625,20.276092529296876,20.490646362304689,20.005752563476564,20.132843017578126,19.756805419921876,18.958221435546876,19.204086303710939,18.618194580078126,18.578155517578126,20.101287841796876,18.790542602539064,19.180679321289064],"shoulderAbductionFlexionData":[57.61378479003906,61.32860565185547,58.74854278564453,58.833984375,60.67487335205078,58.68218994140625,60.71631622314453,59.981117248535159,58.12510681152344,62.52623748779297,62.3443603515625,61.53437042236328,64.86717224121094,63.70933532714844,63.527198791503909,62.414756774902347,57.87364959716797,52.98499298095703,47.51164245605469,43.5281982421875,36.33464050292969,33.21977233886719,25.636520385742189,19.592315673828126,16.850692749023439,13.7589111328125,11.040725708007813,5.6772308349609379,6.480712890625,7.064666748046875,8.59698486328125,10.006988525390625,9.326309204101563,10.92108154296875,10.468032836914063,9.133331298828125,9.58453369140625,9.14666748046875,8.910781860351563,9.24139404296875,10.100830078125,10.688186645507813,10.574813842773438,9.573715209960938,9.918807983398438,9.592483520507813],"shoulderAbductionData":[82.71862030029297,82.9866943359375,83.18683624267578,82.57500457763672,81.76458740234375,81.98436737060547,82.23966217041016,82.55269622802735,82.33767700195313,80.75128936767578,80.8467025756836,80.52809143066406,80.48635864257813,80.2142105102539,80.59535217285156,80.37171173095703,79.87665557861328,79.78140258789063,79.67118072509766,63.07416534423828,60.95001983642578,57.009803771972659,51.82867431640625,48.77227783203125,0.0,0.0,0.0,0.0,0.0,0.0,0.0,0.0,0.0,0.0,0.0,0.0,0.0,0.0,0.0,0.0,0.0,0.0,0.0,0.0,0.0,0.0,0.0,0.0,0.0,0.0,0.0,0.0,0.0,0.0,0.0,57.61378479003906,61.32860565185547,58.74854278564453,58.833984375,60.67487335205078,58.68218994140625,60.71631622314453,59.981117248535159,58.12510681152344,62.52623748779297,62.3443603515625,61.53437042236328,64.86717224121094,63.70933532714844,63.527198791503909,62.414756774902347,57.87364959716797,52.98499298095703,47.51164245605469,43.5281982421875,0.0,0.0,0.0,0.0,0.0,0.0,0.0,0.0,0.0,0.0,0.0,0.0,0.0,0.0,0.0,0.0,0.0,0.0,0.0,0.0,0.0,0.0,0.0,0.0,0.0,0.0],"shoulderInternalRotationData":[37.253318786621097,40.52556228637695,38.04732894897461,37.747379302978519,40.21890640258789,39.392024993896487,41.379615783691409,41.03852081298828,39.096920013427737,42.413570404052737,42.82381820678711,43.0075569152832,45.27007293701172,43.933998107910159,45.431640625,47.847904205322269,47.564022064208987,45.80763626098633,39.78801727294922,37.078243255615237,36.059425354003909,34.63098907470703,27.791202545166017,19.662750244140626,17.5885009765625,15.210563659667969,8.7454833984375,6.376411437988281,4.8227691650390629,2.9471817016601564,5.114738464355469,0.7560272216796875,2.7342147827148439,4.525978088378906,4.179679870605469,1.80255126953125,0.6511306762695313,-0.21607208251953126,1.7256240844726563,1.8778762817382813,1.8782806396484376,2.06768798828125,1.7719650268554688,2.753173828125,2.7390289306640627,0.352447509765625],