{"wristFlexionData":[30.838150024414064,30.841964721679689,30.815017700195314,30.70562744140625,31.0230712890625,30.66534423828125,24.594833374023439,20.713714599609376,18.162689208984376,19.705780029296876,22.520217895507814,21.751083374023439,22.117507934570314,23.83892822265625,22.539566040039064,25.0394287109375,22.398040771484376,21.461624145507814,21.234512329101564,22.408981323242189,23.706924438476564,22.995712280273439,24.410812377929689,23.920989990234376,22.97760009765625,23.060531616210939,25.249771118164064,25.817703247070314,25.891525268554689,25.13531494140625,24.51654052734375,25.374481201171876,23.904815673828126,24.200149536132814,24.304641723632814,26.164306640625,26.009292602539064],"wristExtensionData":[-30.838150024414064,-30.841964721679689,-30.815017700195314,-30.70562744140625,-31.0230712890625,-30.66534423828125,-24.594833374023439,-20.713714599609376,-18.162689208984376,-19.705780029296876,-22.520217895507814,-21.751083374023439,-22.117507934570314,-23.83892822265625,-22.539566040039064,-25.0394287109375,-22.398040771484376,-21.461624145507814,-21.234512329101564,-22.408981323242189,-23.706924438476564,-22.995712280273439,-24.410812377929689,-23.920989990234376,-22.97760009765625,-23.060531616210939,-25.249771118164064,-25.817703247070314,-25.891525268554689,-25.13531494140625,-24.51654052734375,-25.374481201171876,-23.904815673828126,-24.200149536132814,-24.304641723632814,-26.164306640625,-26.009292602539064],"forearmPronationData":[-282.64013671875,-282.59075927734377,-282.9190979003906,-283.02490234375,-276.2699890136719,-275.6990966796875,-284.64422607421877,-279.4163818359375,-285.8830261230469,-284.04327392578127,-284.5234069824219,-288.14080810546877,-288.9803161621094,-295.1640625,-295.32000732421877,-312.48052978515627,-338.90447998046877,-0.7124318480491638,-12.454913139343262,-25.187725067138673,-34.1530876159668,-41.16436767578125,-48.5302619934082,-57.03948974609375,-54.25132751464844,-63.28144454956055,-60.685848236083987,-56.250694274902347,-56.13408279418945,-54.276588439941409,-58.47710418701172,-55.04778289794922,-57.616729736328128,-55.89912414550781,-54.40336990356445,-56.247833251953128,-55.66978073120117],"forearmSupinationData":[282.64013671875,282.59075927734377,282.9190979003906,283.02490234375,276.2699890136719,275.6990966796875,284.64422607421877,279.4163818359375,285.8830261230469,284.04327392578127,284.5234069824219,288.14080810546877,288.9803161621094,295.1640625,295.32000732421877,312.48052978515627,338.90447998046877,0.7124318480491638,12.454913139343262,25.187725067138673,34.1530876159668,41.16436767578125,48.5302619934082,57.03948974609375,54.25132751464844,63.28144454956055,60.685848236083987,56.250694274902347,56.13408279418945,54.276588439941409,58.47710418701172,55.04778289794922,57.616729736328128,55.89912414550781,54.40336990356445,56.247833251953128,55.66978073120117],"forearmPronationSupinationQuatData":[],"elbowFlexionData":[17.987579345703126,17.241317749023439,17.116226196289064,23.263504028320314,21.320846557617189,22.916244506835939,24.210739135742189,22.589218139648439,24.257919311523439,26.77557373046875,31.650100708007814,32.215667724609378,31.461090087890626,34.41233825683594,32.09199523925781,35.051971435546878,34.95361328125,34.013427734375,33.35322570800781,35.01564025878906,37.43217468261719,32.96138000488281,33.51171875,32.588470458984378,29.22760009765625,28.12255859375,29.251724243164064,30.344161987304689,30.573715209960939,28.975830078125,27.015060424804689,26.530563354492189,25.173828125,25.859512329101564,24.530731201171876,28.528274536132814,28.78460693359375],"shoulderAbductionFlexionData":[30.5164794921875,30.375335693359376,30.646011352539064,29.454132080078126,22.1368408203125,20.759780883789064,19.204391479492189,13.82373046875,10.12847900390625,11.285400390625,10.404891967773438,11.91064453125,14.12530517578125,15.7532958984375,19.222503662109376,22.96368408203125,27.0491943359375,28.898880004882814,30.8231201171875,32.75831604003906,35.108795166015628,39.55577087402344,40.886993408203128,43.52650451660156,46.42250061035156,48.75323486328125,49.48991394042969,50.03688049316406,50.57170104980469,51.42327880859375,52.86076354980469,52.590553283691409,52.531593322753909,52.095115661621097,52.65753936767578,50.56358337402344,50.33494567871094],"shoulderAbductionData":[82.71862030029297,82.9866943359375,83.18683624267578,82.57500457763672,81.76458740234375,81.98436737060547,82.23966217041016,82.55269622802735,82.33767700195313,80.75128936767578,80.8467025756836,80.52809143066406,80.48635864257813,80.2142105102539,80.59535217285156,80.37171173095703,79.87665557861328,79.78140258789063,79.67118072509766,63.07416534423828,60.95001983642578,57.009803771972659,51.82867431640625,48.77227783203125,0.0,0.0,0.0,0.0,0.0,0.0,0.0,0.0,0.0,0.0,0.0,0.0,0.0,0.0,0.0,0.0,0.0,0.0,0.0,0.0,0.0,0.0,0.0,0.0,0.0,0.0,0.0,0.0,0.0,0.0,0.0,57.61378479003906,61.32860565185547,58.74854278564453,58.833984375,60.67487335205078,58.68218994140625,60.71631622314453,59.981117248535159,58.12510681152344,62.52623748779297,62.3443603515625,61.53437042236328,64.86717224121094,63.70933532714844,63.527198791503909,62.414756774902347,57.87364959716797,52.98499298095703,47.51164245605469,43.5281982421875,0.0,0.0,0.0,0.0,0.0,0.0,0.0,0.0,0.0,0.0,0.0,0.0,0.0,0.0,0.0,0.0,0.0,0.0,0.0,0.0,0.0,0.0,0.0,0.0,0.0,0.0,65.10326385498047,64.87821197509766,64.70103454589844,63.712554931640628,64.08448791503906,64.77972412109375,65.57154083251953,64.4084701538086,60.63594055175781,60.928863525390628,57.081398010253909,53.10260772705078,49.286590576171878,45.20957946777344,38.91847229003906,28.781112670898439,23.937469482421876,22.341766357421876,20.725860595703126,19.274459838867189,17.656463623046876,0.0,0.0,0.0,0.0,0.0,0.0,0.0,0.0,0.0,0.0,0.0,0.0,0.0,16.465805053710939,0.0,0.0,17.426528930664064,90.4735336303711,88.47444915771485,85.95484924316406,85.14348602294922,83.05155944824219,69.38514709472656,67.24588012695313,62.77361297607422,57.562713623046878,54.102943420410159,49.72035217285156,47.78187561035156,48.445953369140628,45.51417541503906,42.40830993652344,40.71641540527344,37.48765563964844,34.09661865234375,29.38671875,24.63848876953125,21.502105712890626,0.0,0.0,0.0,0.0,0.0,0.0,0.0,0.0,0.0,0.0,0.0,0.0,0.0,0.0,0.0,0.0,0.0,0.0,0.0,0.0,0.0,0.0,9.223007202148438,0.0,0.0,0.0,0.0,0.0,0.0,0.0,0.0,0.0,0.0,0.0,0.0,0.0,0.0,0.0,0.0,0.0,0.0,0.0,0.0,0.0,0.0,0.0,0.0,0.0,0.0,0.0,0.0,0.0,0.0,0.0,20.172088623046876,12.129135131835938,17.337783813476564,21.323837280273439,27.557327270507814,31.275039672851564,38.88227844238281,49.95506286621094,56.50714874267578,62.277015686035159,64.63903045654297,64.05764770507813,64.43549346923828,64.26892852783203,65.41831970214844,65.7773666381836,65.7216796875,66.36937713623047,66.46398162841797,66.6642074584961,66.40568542480469,65.92993927001953,0.0,0.0,0.0,0.0,0.0,0.0,0.0,0.0,0.0,0.0,0.0,0.0,0.0,0.0,0.0,22.96368408203125,27.0491943359375,28.898880004882814,30.8231201171875,32.75831604003906,35.108795166015628,39.55577087402344,40.886993408203128,43.52650451660156,46.42250061035156,48.75323486328125,49.48991394042969,50.03688049316406,50.57170104980469,51.42327880859375,52.86076354980469,52.590553283691409,0.0,0.0,0.0,0.0,0.0],"shoulderInternalRotationData":[-15.663955688476563,-15.815086364746094,-16.039474487304689,-16.44251251220703,-15.63446044921875,-16.278335571289064,-14.698722839355469,-16.933685302734376,-15.438026428222657,-16.70439910888672,-18.362960815429689,-17.13079071044922,-17.03704833984375,-14.259742736816407,-14.383628845214844,-14.195350646972657,-12.501358032226563,-13.645896911621094,-14.336402893066407,-12.600883483886719,-9.69854736328125,-11.825416564941407,-14.533790588378907,-13.336036682128907,-13.176017761230469,-14.690719604492188,-15.916236877441407,-18.082618713378908,-18.474136352539064,-17.840301513671876,-17.494300842285158,-16.4365234375,-13.887374877929688,-13.053680419921875,-14.225166320800782,-13.466468811035157,-13.154167175292969],