{"wristFlexionData":[31.12152099609375,30.859893798828126,30.884002685546876,31.268524169921876,30.714950561523439,31.060806274414064,33.09187316894531,32.050048828125,36.48907470703125,32.012054443359378,35.99452209472656,34.13063049316406,29.772796630859376,30.141815185546876,29.171035766601564,29.471939086914064,31.054275512695314,30.766204833984376,29.496994018554689,31.165252685546876,30.213027954101564,30.597274780273439,29.204727172851564,29.86285400390625,29.804855346679689,29.673126220703126,29.095611572265626],"wristExtensionData":[-31.12152099609375,-30.859893798828126,-30.884002685546876,-31.268524169921876,-30.714950561523439,-31.060806274414064,-33.09187316894531,-32.050048828125,-36.48907470703125,-32.012054443359378,-35.99452209472656,-34.13063049316406,-29.772796630859376,-30.141815185546876,-29.171035766601564,-29.471939086914064,-31.054275512695314,-30.766204833984376,-29.496994018554689,-31.165252685546876,-30.213027954101564,-30.597274780273439,-29.204727172851564,-29.86285400390625,-29.804855346679689,-29.673126220703126,-29.095611572265626],"forearmPronationData":[-283.2088928222656,-285.0231628417969,-286.5064697265625,-292.3673095703125,-295.8326110839844,-299.0879211425781,-270.5421142578125,-282.7867431640625,-287.4310302734375,-288.2833557128906,-292.97796630859377,-296.7144775390625,-303.890380859375,-331.9765319824219,-7.348860263824463,-21.93733024597168,-31.580141067504884,-19.853565216064454,-32.61389923095703,-26.752363204956056,-36.42140197753906,-42.141387939453128,-53.15654754638672,-48.78595733642578,-43.70126724243164,-35.80204772949219,-37.593013763427737],"forearmSupinationData":[283.2088928222656,285.0231628417969,286.5064697265625,292.3673095703125,295.8326110839844,299.0879211425781,270.5421142578125,282.7867431640625,287.4310302734375,288.2833557128906,292.97796630859377,296.7144775390625,303.890380859375,331.9765319824219,7.348860263824463,21.93733024597168,31.580141067504884,19.853565216064454,32.61389923095703,26.752363204956056,36.42140197753906,42.141387939453128,53.15654754638672,48.78595733642578,43.70126724243164,35.80204772949219,37.593013763427737],"forearmPronationSupinationQuatData":[],"elbowFlexionData":[19.197845458984376,20.664810180664064,21.188812255859376,25.927337646484376,28.990249633789064,29.47442626953125,20.919540405273439,17.358474731445314,24.901748657226564,18.635498046875,21.663131713867189,18.460205078125,11.350814819335938,12.932846069335938,10.684707641601563,11.305557250976563,15.105209350585938,12.358718872070313,13.752853393554688,13.417877197265625,13.79913330078125,13.48492431640625,12.108779907226563,12.57879638671875,12.6231689453125,12.031906127929688,12.279861450195313],"shoulderAbductionFlexionData":[34.27392578125,32.744964599609378,32.148834228515628,29.716201782226564,24.29443359375,20.172088623046876,12.129135131835938,17.337783813476564,21.323837280273439,27.557327270507814,31.275039672851564,38.88227844238281,49.95506286621094,56.50714874267578,62.277015686035159,64.63903045654297,64.05764770507813,64.43549346923828,64.26892852783203,65.41831970214844,65.7773666381836,65.7216796875,66.36937713623047,66.46398162841797,66.6642074584961,66.40568542480469,65.92993927001953],"shoulderAbductionData":[82.71862030029297,82.9866943359375,83.18683624267578,82.57500457763672,81.76458740234375,81.98436737060547,82.23966217041016,82.55269622802735,82.33767700195313,80.75128936767578,80.8467025756836,80.52809143066406,80.48635864257813,80.2142105102539,80.59535217285156,80.37171173095703,79.87665557861328,79.78140258789063,79.67118072509766,63.07416534423828,60.95001983642578,57.009803771972659,51.82867431640625,48.77227783203125,0.0,0.0,0.0,0.0,0.0,0.0,0.0,0.0,0.0,0.0,0.0,0.0,0.0,0.0,0.0,0.0,0.0,0.0,0.0,0.0,0.0,0.0,0.0,0.0,0.0,0.0,0.0,0.0,0.0,0.0,0.0,57.61378479003906,61.32860565185547,58.74854278564453,58.833984375,60.67487335205078,58.68218994140625,60.71631622314453,59.981117248535159,58.12510681152344,62.52623748779297,62.3443603515625,61.53437042236328,64.86717224121094,63.70933532714844,63.527198791503909,62.414756774902347,57.87364959716797,52.98499298095703,47.51164245605469,43.5281982421875,0.0,0.0,0.0,0.0,0.0,0.0,0.0,0.0,0.0,0.0,0.0,0.0,0.0,0.0,0.0,0.0,0.0,0.0,0.0,0.0,0.0,0.0,0.0,0.0,0.0,0.0,65.10326385498047,64.87821197509766,64.70103454589844,63.712554931640628,64.08448791503906,64.77972412109375,65.57154083251953,64.4084701538086,60.63594055175781,60.928863525390628,57.081398010253909,53.10260772705078,49.286590576171878,45.20957946777344,38.91847229003906,28.781112670898439,23.937469482421876,22.341766357421876,20.725860595703126,19.274459838867189,17.656463623046876,0.0,0.0,0.0,0.0,0.0,0.0,0.0,0.0,0.0,0.0,0.0,0.0,0.0,16.465805053710939,0.0,0.0,17.426528930664064,90.4735336303711,88.47444915771485,85.95484924316406,85.14348602294922,83.05155944824219,69.38514709472656,67.24588012695313,62.77361297607422,57.562713623046878,54.102943420410159,49.72035217285156,47.78187561035156,48.445953369140628,45.51417541503906,42.40830993652344,40.71641540527344,37.48765563964844,34.09661865234375,29.38671875,24.63848876953125,21.502105712890626,0.0,0.0,0.0,0.0,0.0,0.0,0.0,0.0,0.0,0.0,0.0,0.0,0.0,0.0,0.0,0.0,0.0,0.0,0.0,0.0,0.0,0.0,9.223007202148438,0.0,0.0,0.0,0.0,0.0,0.0,0.0,0.0,0.0,0.0,0.0,0.0,0.0,0.0,0.0,0.0,0.0,0.0,0.0,0.0,0.0,0.0,0.0,0.0,0.0,0.0,0.0,0.0,0.0,0.0,0.0,20.172088623046876,12.129135131835938,17.337783813476564,21.323837280273439,27.557327270507814,31.275039672851564,38.88227844238281,49.95506286621094,56.50714874267578,62.277015686035159,64.63903045654297,64.05764770507813,64.43549346923828,64.26892852783203,65.41831970214844,65.7773666381836,65.7216796875,66.36937713623047,66.46398162841797,66.6642074584961,66.40568542480469,65.92993927001953],"shoulderInternalRotationData":[-14.543128967285157,-13.217208862304688,-14.726486206054688,-18.90717315673828,-17.335304260253908,-20.3887939453125,-22.738433837890626,-26.718238830566408,-24.83605194091797,-26.76671600341797,-26.647117614746095,-24.091995239257814,-22.292495727539064,-25.316246032714845,-22.18993377685547,-22.087509155273439,-25.162643432617189,-23.622085571289064,-24.038421630859376,-23.673492431640626,-24.163124084472658,-23.340087890625,-23.126792907714845,-23.04259490966797,-22.514678955078126,-22.11602783203125,-22.23149871826172],"shoulderExternalRotationData":[14.543128967285157,13.217208862304688,14.726486206054688,18.90717315673828,17.335304260253908,20.3887939453125,22.738433837890626,26.718238830566408,24.83605194091797,26.76671600341797,26.647117614746095,24.091995239257814,22.292495727539064,25.316246032714845,22.18993377685547,22.087509155273439,25.162643432617189,23.622085571289064,24.038421630859376,23.673492431640626,24.163124084472658,23.340087890625,23.126792907714845,23.04259490966797,22.514678955078126,22.11602783203125,22.23149871826172],