{"wristFlexionData":[-26.932327270507814,-26.833938598632814,-26.810379028320314,-26.703170776367189,-26.7994384765625,36.525390625,35.426361083984378,38.4212646484375,39.52140808105469,36.6654052734375,38.945465087890628,38.06849670410156,36.83937072753906,35.45072937011719,32.478302001953128,34.527099609375,33.44285583496094,31.925506591796876,36.41719055175781,38.204315185546878,36.50730895996094,37.0675048828125,36.81977844238281,38.95265197753906,35.243682861328128,34.944488525390628,35.527313232421878,36.56788635253906,39.3721923828125,40.88899230957031,38.28901672363281,37.579833984375,37.82672119140625,37.47998046875,31.416305541992189,31.848464965820314,33.44580078125,32.26158142089844,32.62956237792969,34.36857604980469,34.08119201660156,35.844085693359378,38.46142578125,38.38414001464844],"wristExtensionData":[26.932327270507814,26.833938598632814,26.810379028320314,26.703170776367189,26.7994384765625,-36.525390625,-35.426361083984378,-38.4212646484375,-39.52140808105469,-36.6654052734375,-38.945465087890628,-38.06849670410156,-36.83937072753906,-35.45072937011719,-32.478302001953128,-34.527099609375,-33.44285583496094,-31.925506591796876,-36.41719055175781,-38.204315185546878,-36.50730895996094,-37.0675048828125,-36.81977844238281,-38.95265197753906,-35.243682861328128,-34.944488525390628,-35.527313232421878,-36.56788635253906,-39.3721923828125,-40.88899230957031,-38.28901672363281,-37.579833984375,-37.82672119140625,-37.47998046875,-31.416305541992189,-31.848464965820314,-33.44580078125,-32.26158142089844,-32.62956237792969,-34.36857604980469,-34.08119201660156,-35.844085693359378,-38.46142578125,-38.38414001464844],"forearmPronationData":[-56.52915954589844,-59.95785903930664,-55.42437744140625,-53.862884521484378,-43.78440856933594,-11.940401077270508,-359.7650451660156,-340.0400695800781,-261.0990905761719,-274.8507385253906,-263.82159423828127,-250.5545654296875,-260.4615783691406,-253.40573120117188,-254.97433471679688,-271.4760437011719,-284.22271728515627,-290.52398681640627,-289.4956970214844,-285.66033935546877,-287.0282897949219,-286.15667724609377,-285.7105407714844,-288.418212890625,-288.8851623535156,-290.1280517578125,-291.8369445800781,-295.21539306640627,-303.4923095703125,-305.1077575683594,-306.2273254394531,-307.0010986328125,-306.20721435546877,-306.20709228515627,-307.0880126953125,-307.52423095703127,-306.80908203125,-306.1302185058594,-306.068115234375,-306.285888671875,-306.2752685546875,-305.6594543457031,-305.881591796875,-305.8564453125],"forearmSupinationData":[56.52915954589844,59.95785903930664,55.42437744140625,53.862884521484378,43.78440856933594,11.940401077270508,359.7650451660156,340.0400695800781,261.0990905761719,274.8507385253906,263.82159423828127,250.5545654296875,260.4615783691406,253.40573120117188,254.97433471679688,271.4760437011719,284.22271728515627,290.52398681640627,289.4956970214844,285.66033935546877,287.0282897949219,286.15667724609377,285.7105407714844,288.418212890625,288.8851623535156,290.1280517578125,291.8369445800781,295.21539306640627,303.4923095703125,305.1077575683594,306.2273254394531,307.0010986328125,306.20721435546877,306.20709228515627,307.0880126953125,307.52423095703127,306.80908203125,306.1302185058594,306.068115234375,306.285888671875,306.2752685546875,305.6594543457031,305.881591796875,305.8564453125],"forearmPronationSupinationQuatData":[],"elbowFlexionData":[103.59617614746094,103.63396453857422,100.69519805908203,101.058349609375,98.5072021484375,104.50643157958985,100.41218566894531,92.8109130859375,86.99658203125,78.39803314208985,77.3304672241211,73.11357879638672,73.19132232666016,71.61970520019531,68.31922912597656,64.16413116455078,58.49688720703125,53.863861083984378,49.11836242675781,44.6358642578125,41.72279357910156,37.99662780761719,33.902191162109378,33.9150390625,31.05181884765625,31.051605224609376,29.581771850585939,28.0477294921875,27.225753784179689,27.812271118164064,26.084442138671876,26.837783813476564,27.22015380859375,25.382431030273439,22.609420776367189,22.75946044921875,22.879364013671876,22.425628662109376,21.824920654296876,25.521728515625,25.158462524414064,28.474197387695314,33.579864501953128,32.039886474609378],"shoulderAbductionFlexionData":[90.4735336303711,88.47444915771485,85.95484924316406,85.14348602294922,83.05155944824219,69.38514709472656,67.24588012695313,62.77361297607422,57.562713623046878,54.102943420410159,49.72035217285156,47.78187561035156,48.445953369140628,45.51417541503906,42.40830993652344,40.71641540527344,37.48765563964844,34.09661865234375,29.38671875,24.63848876953125,21.502105712890626,18.76953125,16.159225463867189,14.14874267578125,15.1654052734375,14.557037353515625,12.471160888671875,11.932632446289063,10.684219360351563,10.896255493164063,11.01287841796875,11.110260009765625,10.308761596679688,9.725479125976563,9.83673095703125,9.59228515625,9.541412353515625,10.359146118164063,11.21722412109375,9.523574829101563,9.093368530273438,8.388336181640625,7.73004150390625,9.223007202148438],"shoulderAbductionData":[82.71862030029297,82.9866943359375,83.18683624267578,82.57500457763672,81.76458740234375,81.98436737060547,82.23966217041016,82.55269622802735,82.33767700195313,80.75128936767578,80.8467025756836,80.52809143066406,80.48635864257813,80.2142105102539,80.59535217285156,80.37171173095703,79.87665557861328,79.78140258789063,79.67118072509766,63.07416534423828,60.95001983642578,57.009803771972659,51.82867431640625,48.77227783203125,0.0,0.0,0.0,0.0,0.0,0.0,0.0,0.0,0.0,0.0,0.0,0.0,0.0,0.0,0.0,0.0,0.0,0.0,0.0,0.0,0.0,0.0,0.0,0.0,0.0,0.0,0.0,0.0,0.0,0.0,0.0,57.61378479003906,61.32860565185547,58.74854278564453,58.833984375,60.67487335205078,58.68218994140625,60.71631622314453,59.981117248535159,58.12510681152344,62.52623748779297,62.3443603515625,61.53437042236328,64.86717224121094,63.70933532714844,63.527198791503909,62.414756774902347,57.87364959716797,52.98499298095703,47.51164245605469,43.5281982421875,0.0,0.0,0.0,0.0,0.0,0.0,0.0,0.0,0.0,0.0,0.0,0.0,0.0,0.0,0.0,0.0,0.0,0.0,0.0,0.0,0.0,0.0,0.0,0.0,0.0,0.0,65.10326385498047,64.87821197509766,64.70103454589844,63.712554931640628,64.08448791503906,64.77972412109375,65.57154083251953,64.4084701538086,60.63594055175781,60.928863525390628,57.081398010253909,53.10260772705078,49.286590576171878,45.20957946777344,38.91847229003906,28.781112670898439,23.937469482421876,22.341766357421876,20.725860595703126,19.274459838867189,17.656463623046876,0.0,0.0,0.0,0.0,0.0,0.0,0.0,0.0,0.0,0.0,0.0,0.0,0.0,16.465805053710939,0.0,0.0,17.426528930664064,90.4735336303711,88.47444915771485,85.95484924316406,85.14348602294922,83.05155944824219,69.38514709472656,67.24588012695313,62.77361297607422,57.562713623046878,54.102943420410159,49.72035217285156,47.78187561035156,48.445953369140628,45.51417541503906,42.40830993652344,40.71641540527344,37.48765563964844,34.09661865234375,29.38671875,24.63848876953125,21.502105712890626,0.0,0.0,0.0,0.0,0.0,0.0,0.0,0.0,0.0,0.0,0.0,0.0,0.0,0.0,0.0,0.0,0.0,0.0,0.0,0.0,0.0,0.0,9.223007202148438],"shoulderInternalRotationData":[50.83219909667969,54.04330825805664,54.153175354003909,54.84840774536133,54.5572395324707,50.8141975402832,51.20063400268555,48.55325698852539,45.28969955444336,44.041259765625,41.24327850341797,39.14305114746094,40.92350387573242,41.41364669799805,39.15848159790039,37.8587760925293,34.81684494018555,32.0588493347168,25.44774627685547,17.778610229492189,13.844520568847657,13.344390869140625,9.346694946289063,5.833702087402344,5.210723876953125,3.358001708984375,4.200836181640625,6.5567626953125,6.587623596191406,5.384422302246094,3.0443801879882814,5.699432373046875,5.716545104980469,5.696098327636719,5.50970458984375,5.847282409667969,5.473213195800781,5.804054260253906,5.6366424560546879,4.992462158203125,2.7957916259765627,1.073089599609375,-3.59783935546875,-10.227058410644532],