{
    "wristFlexionData": [
        28.936607360839844,
        29.543563842773438,
        29.348817825317383,
        -24.214038848876953,
        -53.757999420166016,
        -51.076725006103516,
        -5.8292236328125,
        49.91645431518555,
        54.87670135498047,
        49.148780822753906,
        -33.67893600463867,
        -56.76824188232422,
        -47.337913513183594,
        -7.902575492858887,
        43.403602600097656,
        59.46613311767578,
        56.291934967041016,
        20.591691970825195,
        -14.979326248168945,
        -12.287569999694824
    ],
    "wristExtensionData": [
        -28.936607360839844,
        -29.543563842773438,
        -29.348817825317383,
        24.214038848876953,
        53.757999420166016,
        51.076725006103516,
        5.8292236328125,
        -49.91645431518555,
        -54.87670135498047,
        -49.148780822753906,
        33.67893600463867,
        56.76824188232422,
        47.337913513183594,
        7.902575492858887,
        -43.403602600097656,
        -59.46613311767578,
        -56.291934967041016,
        -20.591691970825195,
        14.979326248168945,
        12.287569999694824
    ],
    "forearmPronationData": [
        0.0,
        0.0,
        0.0,
        0.0,
        0.0,
        0.0,
        0.0,
        0.0,
        0.0,
        0.0,
        0.0,
        0.0,
        0.0,
        0.0,
        0.0,
        0.0,
        0.0,
        0.0,
        0.0,
        0.0
    ],
    "forearmSupinationData": [
        0.0,
        0.0,
        0.0,
        0.0,
        0.0,
        0.0,
        0.0,
        0.0,
        0.0,
        0.0,
        0.0,
        0.0,
        0.0,
        0.0,
        0.0,
        0.0,
        0.0,
        0.0,
        0.0,
        0.0
    ],
    "forearmPronationSupinationQuatData": [],
    "elbowFlexionData": [
        26.01373291015625,
        26.63433837890625,
        25.99407958984375,
        28.48272705078125,
        27.51153564453125,
        26.454269409179688,
        23.969680786132812,
        20.323501586914062,
        24.683273315429688,
        28.533432006835938,
        28.037155151367188,
        26.081710815429688,
        26.533523559570312,
        26.446975708007812,
        25.613037109375,
        29.315017700195312,
        32.410888671875,
        30.9473876953125,
        27.662216186523438,
        29.00164794921875
    ],
    "shoulderAbductionFlexionData": [
        15.564797401428223,
        16.093727111816406,
        16.601062774658203,
        15.550883293151855,
        15.061850547790527,
        16.283855438232422,
        19.00533676147461,
        22.051776885986328,
        21.958778381347656,
        21.054519653320312,
        17.341503143310547,
        18.285694122314453,
        18.451229095458984,
        18.873655319213867,
        19.990596771240234,
        19.498104095458984,
        19.623558044433594,
        18.401065826416016,
        18.25697898864746,
        17.30875015258789
    ],
    "shoulderAbductionData": [
        0.0,
        0.0,
        0.0,
        0.0,
        0.0,
        0.0,
        0.0,
        0.0,
        0.0,
        0.0,
        0.0,
        0.0,
        0.0,
        0.0,
        0.0,
        0.0,
        0.0,
        0.0,
        0.0,
        0.0,
        0.0,
        0.0,
        0.0,
        0.0,
        0.0,
        0.0,
        0.0,
        0.0,
        0.0,
        0.0,
        0.0,
        0.0,
        0.0,
        0.0,
        0.0,
        0.0,
        0.0,
        0.0,
        0.0,
        0.0,
        0.0,
        0.0,
        0.0
    ],
    "shoulderInternalRotationData": [
        11.766176223754883,
        13.117242813110352,
        13.656078338623047,
        13.30600357055664,
        11.001165390014648,
        10.996511459350586,
        10.616374969482422,
        6.141460418701172,
        4.538504600524902,
        9.758235931396484,
        10.67005729675293,
        9.330303192138672,
        8.340927124023438,
        8.449760437011719,
        6.649006366729736,
        8.322460174560547,
        11.707207679748535,
        12.341044425964355,
        10.47485065460205,
        9.685602188110352
    ],
    "shoulderExternalRotationData": [
        -11.766176223754883,
        -13.117242813110352,
        -13.656078338623047,
        -13.30600357055664,
        -11.001165390014648,
        -10.996511459350586,
        -10.616374969482422,
        -6.141460418701172,
        -4.538504600524902,
        -9.758235931396484,
        -10.67005729675293,
        -9.330303192138672,
        -8.340927124023438,
        -8.449760437011719,
        -6.649006366729736,
        -8.322460174560547,
        -11.707207679748535,
        -12.341044425964355,
        -10.47485065460205,
        -9.685602188110352
    ],
    "shoulderFlexionData": [
        17.716304779052734,
        17.30685043334961,
        17.263689041137695,
        14.729412078857422,
        14.015436172485352,
        15.581323623657227,
        18.16674041748047,
        20.90255355834961,
        19.739818572998047,
        19.55933380126953,
        19.069969177246094,
        17.82276153564453,
        19.122997283935547,
        20.375553131103516,
        21.48560905456543,
        22.397136688232422,
        21.907825469970703,
        20.708457946777344,
        21.244525909423828,
        19.820396423339844,
        18.763946533203125,
        19.35868263244629,
        19.562705993652344,
        15.564797401428223,
        16.093727111816406,
        16.601062774658203,
        15.550883293151855,
        15.061850547790527,
        16.283855438232422,
        19.00533676147461,
        22.051776885986328,
        21.958778381347656,
        21.054519653320312,
        17.341503143310547,
        18.285694122314453,
        18.451229095458984,
        18.873655319213867,
        19.990596771240234,
        19.498104095458984,
        19.623558044433594,
        18.401065826416016,
        18.25697898864746,
        17.30875015258789
    ],
    "shoulderHorizontalAbductionData": [
        3.969236373901367,
        4.359616756439209,
        4.0952277183532715,
        3.988727569580078,
        4.662228107452393,
        5.211721420288086,
        5.929514408111572,
        7.377488613128662,
        8.722871780395508,
        7.923381328582764,
        7.2853899002075195,
        7.612627029418945,
        7.559717655181885,
        7.897815227508545,
        8.247856140136719,
        8.527393341064453,
        8.770883560180664,
        8.327054977416992,
        8.489206314086914,
        8.412361145019531
    ],
    "shoulderHorizontalAdductionData": [
        -3.969236373901367,
        -4.359616756439209,
        -4.0952277183532715,
        -3.988727569580078,
        -4.662228107452393,
        -5.211721420288086,
        -5.929514408111572,
        -7.377488613128662,
        -8.722871780395508,
        -7.923381328582764,
        -7.2853899002075195,
        -7.612627029418945,
        -7.559717655181885,
        -7.897815227508545,
        -8.247856140136719,
        -8.527393341064453,
        -8.770883560180664,
        -8.327054977416992,
        -8.489206314086914,
        -8.412361145019531
    ],
    "trunkTiltData": [
        0.011366734281182289,
        0.011794829741120338,
        0.013050764799118042,
        0.01499040424823761,
        0.012115266174077988,
        0.010640580207109451,
        0.010261019691824913,
        0.00315096415579319,
        0.0031315982341766357,
        0.002680134028196335,
        0.004291068762540817,
        0.003872714936733246,
        0.010440539568662643,
        0.014497838914394379,
        0.00806882232427597,
        0.010984141379594803,
        0.009465456008911133,
        0.010315418243408203,
        0.013390075415372849,
        0.016400476917624474
    ],
    "thumbDistalLocationData": [],
    "thumbProximalLocationData": [],
    "thumbMetacarpalLocationData": [],