{
    "wristFlexionData": [
        33.464515686035156,
        32.357391357421875,
        33.12800216674805,
        -28.11672592163086,
        -58.317386627197266,
        -60.926025390625,
        -18.71661949157715,
        40.17856216430664,
        50.213722229003906,
        49.258506774902344,
        4.995516777038574,
        -58.82181930541992,
        -53.759910583496094,
        -2.777385711669922,
        47.7634162902832,
        62.04149627685547,
        63.7051887512207,
        32.426429748535156,
        -24.569133758544922,
        -22.55707550048828,
        -21.270782470703125,
        -24.02767562866211,
        -24.7294921875
    ],
    "wristExtensionData": [
        -33.464515686035156,
        -32.357391357421875,
        -33.12800216674805,
        28.11672592163086,
        58.317386627197266,
        60.926025390625,
        18.71661949157715,
        -40.17856216430664,
        -50.213722229003906,
        -49.258506774902344,
        -4.995516777038574,
        58.82181930541992,
        53.759910583496094,
        2.777385711669922,
        -47.7634162902832,
        -62.04149627685547,
        -63.7051887512207,
        -32.426429748535156,
        24.569133758544922,
        22.55707550048828,
        21.270782470703125,
        24.02767562866211,
        24.7294921875
    ],
    "forearmPronationData": [
        0.0,
        0.0,
        0.0,
        0.0,
        0.0,
        0.0,
        0.0,
        0.0,
        0.0,
        0.0,
        0.0,
        0.0,
        0.0,
        0.0,
        0.0,
        0.0,
        0.0,
        0.0,
        0.0,
        0.0,
        0.0,
        0.0,
        0.0
    ],
    "forearmSupinationData": [
        0.0,
        0.0,
        0.0,
        0.0,
        0.0,
        0.0,
        0.0,
        0.0,
        0.0,
        0.0,
        0.0,
        0.0,
        0.0,
        0.0,
        0.0,
        0.0,
        0.0,
        0.0,
        0.0,
        0.0,
        0.0,
        0.0,
        0.0
    ],
    "forearmPronationSupinationQuatData": [],
    "elbowFlexionData": [
        9.026824951171875,
        9.778945922851562,
        10.749130249023438,
        12.659896850585938,
        16.989669799804688,
        15.718978881835938,
        13.866409301757812,
        14.004867553710938,
        15.274459838867188,
        14.181320190429688,
        15.398544311523438,
        16.843505859375,
        16.70703125,
        14.344573974609375,
        15.00384521484375,
        19.39129638671875,
        19.776748657226562,
        15.694778442382812,
        10.194290161132812,
        12.447402954101562,
        16.01055908203125,
        15.089950561523438,
        14.520904541015625
    ],
    "shoulderAbductionFlexionData": [
        17.716304779052734,
        17.30685043334961,
        17.263689041137695,
        14.729412078857422,
        14.015436172485352,
        15.581323623657227,
        18.16674041748047,
        20.90255355834961,
        19.739818572998047,
        19.55933380126953,
        19.069969177246094,
        17.82276153564453,
        19.122997283935547,
        20.375553131103516,
        21.48560905456543,
        22.397136688232422,
        21.907825469970703,
        20.708457946777344,
        21.244525909423828,
        19.820396423339844,
        18.763946533203125,
        19.35868263244629,
        19.562705993652344
    ],
    "shoulderAbductionData": [
        0.0,
        0.0,
        0.0,
        0.0,
        0.0,
        0.0,
        0.0,
        0.0,
        0.0,
        0.0,
        0.0,
        0.0,
        0.0,
        0.0,
        0.0,
        0.0,
        0.0,
        0.0,
        0.0,
        0.0,
        0.0,
        0.0,
        0.0
    ],
    "shoulderInternalRotationData": [
        3.460844039916992,
        4.163839340209961,
        4.256579875946045,
        3.3572750091552734,
        3.782973289489746,
        3.767083168029785,
        6.03298282623291,
        5.637986183166504,
        6.21220588684082,
        5.429404258728027,
        3.729076862335205,
        2.7982749938964844,
        3.4636735916137695,
        4.131931781768799,
        4.400180339813232,
        4.161563873291016,
        0.08428621292114258,
        0.8584308624267578,
        2.9649877548217773,
        1.9551925659179688,
        2.65474796295166,
        3.7598085403442383,
        3.6340718269348145
    ],
    "shoulderExternalRotationData": [
        -3.460844039916992,
        -4.163839340209961,
        -4.256579875946045,
        -3.3572750091552734,
        -3.782973289489746,
        -3.767083168029785,
        -6.03298282623291,
        -5.637986183166504,
        -6.21220588684082,
        -5.429404258728027,
        -3.729076862335205,
        -2.7982749938964844,
        -3.4636735916137695,
        -4.131931781768799,
        -4.400180339813232,
        -4.161563873291016,
        -0.08428621292114258,
        -0.8584308624267578,
        -2.9649877548217773,
        -1.9551925659179688,
        -2.65474796295166,
        -3.7598085403442383,
        -3.6340718269348145
    ],
    "shoulderFlexionData": [
        17.716304779052734,
        17.30685043334961,
        17.263689041137695,
        14.729412078857422,
        14.015436172485352,
        15.581323623657227,
        18.16674041748047,
        20.90255355834961,
        19.739818572998047,
        19.55933380126953,
        19.069969177246094,
        17.82276153564453,
        19.122997283935547,
        20.375553131103516,
        21.48560905456543,
        22.397136688232422,
        21.907825469970703,
        20.708457946777344,
        21.244525909423828,
        19.820396423339844,
        18.763946533203125,
        19.35868263244629,
        19.562705993652344
    ],
    "shoulderHorizontalAbductionData": [
        2.9305496215820312,
        3.180713653564453,
        3.6626358032226562,
        1.4061651229858398,
        0.7045550346374512,
        1.1101722717285156,
        1.9463224411010742,
        2.1139378547668457,
        1.620375633239746,
        1.1687264442443848,
        1.4197115898132324,
        2.314028739929199,
        3.150841236114502,
        2.473372459411621,
        1.7170944213867188,
        2.943993091583252,
        2.939937114715576,
        2.2977542877197266,
        2.422358512878418,
        2.7571825981140137,
        3.2836341857910156,
        3.7352161407470703,
        3.583817958831787
    ],
    "shoulderHorizontalAdductionData": [
        -2.9305496215820312,
        -3.180713653564453,
        -3.6626358032226562,
        -1.4061651229858398,
        -0.7045550346374512,
        -1.1101722717285156,
        -1.9463224411010742,
        -2.1139378547668457,
        -1.620375633239746,
        -1.1687264442443848,
        -1.4197115898132324,
        -2.314028739929199,
        -3.150841236114502,
        -2.473372459411621,
        -1.7170944213867188,
        -2.943993091583252,
        -2.939937114715576,
        -2.2977542877197266,
        -2.422358512878418,
        -2.7571825981140137,
        -3.2836341857910156,
        -3.7352161407470703,
        -3.583817958831787
    ],
    "trunkTiltData": [
        0.0026859845966100693,
        0.0007257722318172455,
        0.0005273111164569855,
        0.0033208299428224564,
        0.009597143158316612,
        0.01339912973344326,
        0.016790246590971947,
        0.01973087154328823,
        0.01774471066892147,
        0.006107039749622345,
        0.007272500544786453,
        0.004799731075763702,
        0.005180900916457176,
        0.007609069347381592,
        0.008608797565102577,
        0.005384748801589012,
        0.0033861082047224045,
        0.001613479107618332,
        0.0005092043429613113,
        0.0014266036450862885,
        0.0017044413834810257,
        0.001845814287662506,
        0.0024459585547447205
    ],
    "thumbDistalLocationData": [],
    "thumbProximalLocationData": [],
    "thumbMetacarpalLocationData": [],