{
    "wristFlexionData": [
        -31.70224380493164,
        -32.57436752319336,
        -31.246395111083984,
        -41.9854621887207,
        -56.469295501708984,
        -61.032142639160156,
        10.259445190429688,
        57.28364562988281,
        27.162403106689453,
        -13.329875946044922,
        -43.38292694091797,
        -60.77389144897461,
        -60.23527526855469,
        -42.592769622802734,
        56.15360641479492,
        56.323028564453125,
        38.38506317138672,
        -2.831186294555664,
        -27.161678314208984,
        -49.70054626464844,
        -49.535518646240234,
        -48.818119049072266
    ],
    "wristExtensionData": [
        31.70224380493164,
        32.57436752319336,
        31.246395111083984,
        41.9854621887207,
        56.469295501708984,
        61.032142639160156,
        -10.259445190429688,
        -57.28364562988281,
        -27.162403106689453,
        13.329875946044922,
        43.38292694091797,
        60.77389144897461,
        60.23527526855469,
        42.592769622802734,
        -56.15360641479492,
        -56.323028564453125,
        -38.38506317138672,
        2.831186294555664,
        27.161678314208984,
        49.70054626464844,
        49.535518646240234,
        48.818119049072266
    ],
    "forearmPronationData": [
        0.0,
        0.0,
        0.0,
        0.0,
        0.0,
        0.0,
        0.0,
        0.0,
        0.0,
        0.0,
        0.0,
        0.0,
        0.0,
        0.0,
        0.0,
        0.0,
        0.0,
        0.0,
        0.0,
        0.0,
        0.0,
        0.0
    ],
    "forearmSupinationData": [
        0.0,
        0.0,
        0.0,
        0.0,
        0.0,
        0.0,
        0.0,
        0.0,
        0.0,
        0.0,
        0.0,
        0.0,
        0.0,
        0.0,
        0.0,
        0.0,
        0.0,
        0.0,
        0.0,
        0.0,
        0.0,
        0.0
    ],
    "forearmPronationSupinationQuatData": [],
    "elbowFlexionData": [
        32.24491882324219,
        34.133155822753906,
        35.73313522338867,
        36.72481155395508,
        35.710235595703125,
        29.275606155395508,
        30.537439346313477,
        36.602535247802734,
        38.07337951660156,
        41.3306770324707,
        43.333473205566406,
        41.593414306640625,
        37.538734436035156,
        35.887428283691406,
        36.60068130493164,
        41.03581619262695,
        39.771820068359375,
        42.82072448730469,
        48.68463897705078,
        45.21300506591797,
        43.890377044677734,
        43.618377685546875
    ],
    "shoulderAbductionFlexionData": [
        20.042848587036133,
        19.195518493652344,
        17.771249771118164,
        17.673023223876953,
        18.2381534576416,
        23.806766510009766,
        25.245201110839844,
        22.021812438964844,
        22.841049194335938,
        23.159658432006836,
        21.218717575073242,
        20.191696166992188,
        19.08399200439453,
        22.19756507873535,
        22.98627471923828,
        22.27816390991211,
        22.12533950805664,
        23.045108795166016,
        23.280942916870117,
        22.09067153930664,
        21.415142059326172,
        21.066659927368164
    ],
    "shoulderAbductionData": [
        0.0,
        0.0,
        0.0,
        0.0,
        0.0,
        0.0,
        0.0,
        0.0,
        0.0,
        0.0,
        0.0,
        0.0,
        0.0,
        0.0,
        0.0,
        0.0,
        0.0,
        0.0,
        0.0,
        0.0,
        0.0,
        0.0,
        0.0,
        0.0,
        0.0,
        0.0,
        0.0,
        0.0,
        0.0,
        0.0,
        0.0,
        0.0,
        0.0,
        0.0,
        0.0,
        0.0,
        0.0,
        0.0,
        0.0,
        0.0,
        0.0,
        0.0,
        0.0,
        0.0,
        0.0,
        0.0,
        0.0,
        0.0,
        0.0,
        0.0,
        0.0,
        0.0,
        0.0,
        0.0,
        0.0,
        0.0,
        0.0,
        0.0,
        0.0,
        0.0,
        0.0,
        0.0,
        0.0,
        0.0,
        0.0,
        0.0,
        0.0,
        0.0,
        0.0,
        0.0,
        0.0,
        0.0,
        0.0,
        0.0,
        0.0,
        0.0,
        0.0,
        0.0,
        0.0,
        0.0,
        0.0,
        0.0,
        0.0,
        0.0,
        0.0,
        0.0,
        0.0,
        0.0,
        0.0,
        0.0,
        0.0,
        0.0,
        0.0,
        0.0,
        0.0,
        9.667140007019043,
        20.67535400390625,
        21.91065788269043,
        21.02915382385254,
        20.656906127929688,
        19.05632781982422,
        19.268272399902344,
        19.983505249023438,
        20.29940414428711,
        22.270793914794922,
        22.32376480102539,
        22.613710403442383,
        22.534122467041016,
        23.36665153503418,
        22.995147705078125,
        22.92892837524414,
        23.283628463745117,
        22.60749626159668,
        21.24277114868164,
        21.936141967773438,
        22.79741096496582,
        25.213214874267578,
        25.03736114501953,
        25.31577491760254,
        25.092540740966797,
        23.616647720336914,
        24.608169555664062,
        24.87801742553711,
        26.931636810302734,
        23.544742584228516,
        23.874849319458008,
        24.964000701904297,
        25.309537887573242,
        0.0,
        0.0,
        0.0,
        0.0,
        0.0,
        0.0,
        0.0,
        0.0,
        0.0,
        0.0,
        0.0,
        0.0,
        0.0,
        0.0,
        0.0,
        0.0,
        0.0,
        0.0,
        0.0,
        0.0,
        0.0,
        0.0,
        0.0,
        0.0,
        0.0,
        0.0,
        0.0,
        0.0,
        0.0,
        0.0,
        0.0,
        0.0,
        0.0,
        0.0,
        0.0,
        0.0,
        0.0,
        0.0,
        0.0,
        0.0,
        0.0,
        0.0,
        0.0,
        0.0,
        0.0,
        0.0,
        0.0,
        0.0,
        0.0,
        0.0,
        0.0,
        0.0,
        0.0,
        0.0,
        0.0,
        13.44352912902832,
        24.884828567504883,
        25.429542541503906,
        15.44395923614502,
        0.0,
        20.00017547607422,
        0.0,
        0.0,
        18.03695297241211,
        24.24195098876953,
        13.991344451904297,
        10.553227424621582,
        24.478973388671875,
        0.0,
        0.0,
        0.0,
        0.0,
        0.0,
        0.0,
        0.0,
        0.0,
        0.0,
        0.0,
        0.0,
        0.0,
        0.0,
        0.0,
        0.0,
        0.0,
        0.0,
        0.0,
        0.0,
        0.0,
        0.0,
        0.0,
        0.0,
        0.0,
        0.0,
        0.0,
        0.0,
        0.0,
        0.0,
        0.0,
        0.0,
        0.0,
        0.0,
        0.0,
        0.0,
        0.0,
        0.0,
        0.0,
        0.0,
        0.0,
        0.0,
        0.0,
        0.0,
        0.0,
        0.0,
        0.0,
        0.0,
        0.0,
        0.0,
        0.0,
        0.0,
        0.0,
        0.0,
        0.0,
        0.0,
        0.0,
        0.0,
        0.0,
        0.0,
        0.0,
        0.0,
        0.0,
        0.0,
        0.0,
        0.0,
        0.0,
        0.0,
        0.0,
        2.9105491638183594,
        23.280942916870117,
        8.494589805603027,
        20.07510757446289,
        21.066659927368164
    ],