{
    "wristFlexionData": [
        -30.14578628540039,
        -30.594934463500977,
        -29.91351890563965,
        -24.68277359008789,
        -12.839570999145508,
        21.014827728271484,
        13.706271171569824,
        -32.10403060913086,
        -15.879273414611816,
        -8.576409339904785,
        -35.113616943359375,
        -29.720947265625,
        0.18361377716064453,
        -20.317476272583008,
        31.07000732421875
    ],
    "wristExtensionData": [
        30.14578628540039,
        30.594934463500977,
        29.91351890563965,
        24.68277359008789,
        12.839570999145508,
        -21.014827728271484,
        -13.706271171569824,
        32.10403060913086,
        15.879273414611816,
        8.576409339904785,
        35.113616943359375,
        29.720947265625,
        -0.18361377716064453,
        20.317476272583008,
        -31.07000732421875
    ],
    "forearmPronationData": [
        0.0,
        0.0,
        0.0,
        0.0,
        0.0,
        0.0,
        0.0,
        0.0,
        0.0,
        0.0,
        0.0,
        0.0,
        0.0,
        0.0,
        0.0
    ],
    "forearmSupinationData": [
        0.0,
        0.0,
        0.0,
        0.0,
        0.0,
        0.0,
        0.0,
        0.0,
        0.0,
        0.0,
        0.0,
        0.0,
        0.0,
        0.0,
        0.0
    ],
    "forearmPronationSupinationQuatData": [],
    "elbowFlexionData": [
        27.891510009765625,
        28.160497665405273,
        29.067237854003906,
        29.369033813476562,
        31.76932144165039,
        22.199636459350586,
        22.923805236816406,
        31.428115844726562,
        23.914077758789062,
        22.453872680664062,
        30.249515533447266,
        23.96070671081543,
        21.29802703857422,
        21.237306594848633,
        18.5330810546875
    ],
    "shoulderAbductionFlexionData": [
        9.397499084472656,
        9.06153392791748,
        9.808659553527832,
        10.348175048828125,
        13.894291877746582,
        24.238191604614258,
        36.2701416015625,
        49.95503616333008,
        68.60381317138672,
        81.42322540283203,
        88.78209686279297,
        98.39002990722656,
        101.78199768066406,
        101.70221710205078,
        101.48271942138672
    ],
    "shoulderAbductionData": [
        0.0,
        0.0,
        0.0,
        0.0,
        0.0,
        0.0,
        0.0,
        0.0,
        0.0,
        15.253278732299805,
        33.91798400878906,
        38.8568000793457,
        44.43629455566406,
        56.39990234375,
        63.92422866821289,
        70.25923919677734,
        75.33285522460938,
        80.19223022460938,
        82.83364868164062,
        0.0,
        0.0,
        0.0,
        0.0,
        0.0,
        2.175225257873535,
        24.842025756835938,
        38.57770538330078,
        49.97690200805664,
        68.17906188964844,
        85.168701171875,
        94.20587158203125,
        100.83063507080078,
        104.89742279052734,
        106.19720458984375,
        0.0,
        0.0,
        0.0,
        0.0,
        3.1839723587036133,
        24.238191604614258,
        36.2701416015625,
        49.95503616333008,
        68.60381317138672,
        81.42322540283203,
        88.78209686279297,
        98.39002990722656,
        101.78199768066406,
        101.70221710205078,
        101.48271942138672
    ],
    "shoulderInternalRotationData": [
        -2.849442958831787,
        -4.889853000640869,
        -4.499475479125977,
        -4.786563873291016,
        -12.045431137084961,
        -24.033462524414062,
        -33.40492248535156,
        -35.95735549926758,
        -40.040035247802734,
        -40.774749755859375,
        -36.08763122558594,
        -36.26456832885742,
        -34.40607833862305,
        -30.504703521728516,
        -31.609020233154297
    ],
    "shoulderExternalRotationData": [
        2.849442958831787,
        4.889853000640869,
        4.499475479125977,
        4.786563873291016,
        12.045431137084961,
        24.033462524414062,
        33.40492248535156,
        35.95735549926758,
        40.040035247802734,
        40.774749755859375,
        36.08763122558594,
        36.26456832885742,
        34.40607833862305,
        30.504703521728516,
        31.609020233154297
    ],
    "shoulderFlexionData": [
        21.201753616333008,
        21.56561851501465,
        21.721290588378906,
        21.646854400634766,
        21.900108337402344,
        21.647571563720703,
        21.02692413330078,
        21.229114532470703,
        21.63050079345703,
        25.146427154541016,
        33.91798400878906,
        38.8568000793457,
        44.43629455566406,
        56.39990234375,
        63.92422866821289,
        43.200313568115234,
        0.0,
        0.0,
        0.0,
        9.303332328796387,
        9.444838523864746,
        8.858027458190918,
        8.339733123779297,
        7.548323631286621,
        11.759027481079102,
        24.842025756835938,
        38.57770538330078,
        49.97690200805664,
        68.17906188964844,
        85.168701171875,
        94.20587158203125,
        100.83063507080078,
        104.89742279052734,
        106.19720458984375,
        9.397499084472656,
        9.06153392791748,
        9.808659553527832,
        10.348175048828125,
        13.894291877746582,
        24.238191604614258,
        36.2701416015625,
        49.95503616333008,
        68.60381317138672,
        81.42322540283203,
        88.78209686279297,
        98.39002990722656,
        101.78199768066406,
        101.70221710205078,
        101.48271942138672
    ],
    "shoulderHorizontalAbductionData": [
        7.484211444854736,
        7.07865047454834,
        7.477327346801758,
        8.020933151245117,
        11.84623908996582,
        20.60079002380371,
        29.874784469604492,
        38.23996353149414,
        45.6265869140625,
        50.72819519042969,
        53.012901306152344,
        53.185184478759766,
        50.39725112915039,
        47.406028747558594,
        46.35535430908203
    ],
    "shoulderHorizontalAdductionData": [
        -7.484211444854736,
        -7.07865047454834,
        -7.477327346801758,
        -8.020933151245117,
        -11.84623908996582,
        -20.60079002380371,
        -29.874784469604492,
        -38.23996353149414,
        -45.6265869140625,
        -50.72819519042969,
        -53.012901306152344,
        -53.185184478759766,
        -50.39725112915039,
        -47.406028747558594,
        -46.35535430908203
    ],
    "trunkTiltData": [
        0.06858769804239273,
        0.06323583424091339,
        0.063314288854599,
        0.06442910432815552,
        0.06673351675271988,
        0.07098860293626785,
        0.07323136180639267,
        0.07795468717813492,
        0.07924399524927139,
        0.08336585760116577,
        0.09525258839130402,
        0.10676468908786774,
        0.11814851313829422,
        0.13316045701503754,
        0.13417626917362213
    ],
    "thumbDistalLocationData": [],
    "thumbProximalLocationData": [],
    "thumbMetacarpalLocationData": [],
    "indexDistalLocationData": [],
    "indexProximalLocationData": [],
    "indexMetacarpalLocationData": [],
    "middleDistalLocationData": [],
    "middleProximalLocationData": [],
    "middleMetacarpalLocationData": [],
    "ringDistalLocationData": [],
    "ringProximalLocationData": [],
    "ringMetacarpalLocationData": [],
    "littleDistalLocationData": [],
    "littleProximalLocationData": [],
    "littleMetacarpalLocationData": [],
    "headLocationData": [],
    "wristLocationData": [],
    "armLowerLocationData": [],
    "armUpperLocationData": []
}